,Ticker,Year,ESG_DISCLOSURE_SCORE,ENVIRON_DISCLOSURE_SCORE,SOCIAL_DISCLOSURE_SCORE,GOVNCE_DISCLOSURE_SCORE,Returns,Volatility,Sharpe_Ratio,Future_Sharpe,Future_Returns
0,bbca,2016,44.6032,8.0338,42.0496,83.5942,0.18064616606849437,0.15807174057497067,0.7316055712921401,1.958863899566755,0.4289366444166327
1,bbca,2017,46.2428,8.0338,46.977,83.5942,0.4289366444166327,0.18578965312348913,1.958863899566755,0.6175662297775478,0.20017350946401735
2,bbca,2018,47.2991,11.2051,46.977,83.5942,0.20017350946401735,0.2188809927523205,0.6175662297775478,1.5624055637912875,0.30143452564089257
3,bbca,2019,55.7288,25.5814,51.6324,89.8555,0.30143452564089257,0.1513272425036477,1.5624055637912875,-0.08307022577508723,0.03334269522148814
4,bbca,2020,55.7288,25.5814,51.6324,89.8555,0.03334269522148814,0.3810908720077885,-0.08307022577508723,0.13908111546554655,0.09707091954469149
5,bbca,2021,59.32,30.9272,57.0738,89.8555,0.09707091954469149,0.23059147489104057,0.13908111546554655,0.5653125256866074,0.1938254844430407
6,bbca,2022,58.7164,30.9272,55.26,89.8555,0.1938254844430407,0.22788365477409883,0.5653125256866074,0.34833912568351155,0.12674104147410437
7,bbca,2023,60.1549,28.9641,55.26,96.1168,0.12674104147410437,0.17724406166822632,0.34833912568351155,-0.03054102939433734,0.05822490932424218
8,bbca,2024,61.9052,32.4071,57.0738,96.1168,0.05822490932424218,0.22183570135373373,-0.03054102939433734,-0.6877125294215926,-0.1340067151257791
9,bmri,2016,37.0285,4.6512,22.6723,83.5942,0.2842700226962349,0.3050920148564042,0.7187012836092659,1.7470129903957583,0.4142013489483283
10,bmri,2017,39.4226,6.7049,27.8114,83.5942,0.4142013489483283,0.19988480387270743,1.7470129903957583,-0.35695242581889086,-0.053986467557903595
11,bmri,2018,43.8085,10.9635,30.4414,89.8555,-0.053986467557903595,0.33333984853845616,-0.35695242581889086,0.03667241009594068,0.07433344071958747
12,bmri,2019,47.2186,17.7288,33.9178,89.8555,0.07433344071958747,0.25450851730687324,0.03667241009594068,-0.37646907435754123,-0.1342773432166815
13,bmri,2020,48.134,19.4503,34.9456,89.8555,-0.1342773432166815,0.5293325714914455,-0.37646907435754123,0.2884396710107423,0.14857440212562256
14,bmri,2021,52.1577,19.4503,47.0375,89.8555,0.14857440212562256,0.28974655890004125,0.2884396710107423,1.5228641773464564,0.48016785851377475
15,bmri,2022,53.566,22.833,41.5961,96.1168,0.48016785851377475,0.27262303801589965,1.5228641773464564,0.9428851676449159,0.2813707698099257
16,bmri,2023,53.2039,21.7457,41.5961,96.1168,0.2813707698099257,0.22947732898414777,0.9428851676449159,-0.2457320988453869,-0.009667528585911911
17,bbri,2016,42.4404,3.4733,42.6239,81.0957,0.05053934423467976,0.28594711604036555,-0.05057108449129773,2.6403938676241525,0.6112024342722304
18,bbri,2017,46.5849,3.4733,48.7908,87.357,0.6112024342722304,0.20686399895471191,2.6403938676241525,-0.08461229423025263,0.03622051602766807
19,bbri,2018,49.5524,12.383,48.7908,87.357,0.03622051602766807,0.3401335968271381,-0.08461229423025263,0.8127165707751363,0.24492527703219924
20,bbri,2019,50.1559,12.383,50.6046,87.357,0.24492527703219924,0.22138748427461466,0.8127165707751363,-0.1528336582163126,-0.015302301877703872
21,bbri,2020,55.8897,29.5983,50.6046,87.357,-0.015302301877703872,0.5254228866526789,-0.1528336582163126,0.14996157432896018,0.11033873316934084
22,bbri,2021,57.7708,33.283,52.5695,87.357,0.11033873316934084,0.3023356708024713,0.14996157432896018,0.7254870707356349,0.24959283550821754
23,bbri,2022,59.2697,37.7831,52.5695,87.357,0.24959283550821754,0.2544398693708527,0.7254870707356349,0.794238303311145,0.23159618253969527
24,bbri,2023,59.5514,38.6288,52.5695,87.357,0.23159618253969527,0.20975591563031273,0.794238303311145,-1.005397840263711,-0.22421797757661788
25,bbri,2024,59.5011,36.6657,54.3833,87.357,-0.22421797757661788,0.2876652067412015,-1.005397840263711,-0.21788339539949378,-0.01519740257233293
26,bbni,2016,46.1322,8.3963,33.7062,96.1168,0.13304422046823516,0.27498150528317755,0.24745017086935656,3.4733565365006904,0.84887792819174
27,bbni,2017,44.1907,7.5204,28.7485,96.1168,0.84887792819174,0.2256831165917321,3.4733565365006904,-0.42305842859933607,-0.08571433647411464
28,bbni,2018,44.7641,9.2419,28.7485,96.1168,-0.08571433647411464,0.3562494593786972,-0.42305842859933607,-0.6041237708548005,-0.08657517436466189
29,bbni,2019,50.8098,14.6481,41.5054,96.1168,-0.08657517436466189,0.2509008611764965,-0.6041237708548005,-0.4711475657383412,-0.1895834684183556
30,bbni,2020,52.4495,16.6113,44.468,96.1168,-0.1895834684183556,0.5403476255244887,-0.4711475657383412,0.11354765002686665,0.10151429561419167
31,bbni,2021,57.9519,30.142,47.4607,96.1168,0.10151429561419167,0.32157684994407176,0.11354765002686665,1.1588646451621705,0.39188369674050727
32,bbni,2022,62.6396,44.2162,47.4607,96.1168,0.39188369674050727,0.2820723698018792,1.1588646451621705,0.743705707539498,0.21556972468764402
33,bbni,2023,62.036,44.2162,45.6469,96.1168,0.21556972468764402,0.20245874565867478,0.743705707539498,-0.7315465535189133,-0.15202223513270863
34,bbni,2024,64.5006,46.1794,51.0883,96.1168,-0.15202223513270863,0.29666223439749656,-0.7315465535189133,0.07760929583341808,0.09458384123725638
35,tlkm,2016,44.7038,8.3661,42.0193,83.5942,0.3234528824296661,0.2762468930642126,0.9355865673739528,0.41062409952306966,0.14607948279063354
36,tlkm,2017,44.4221,10.0876,39.4498,83.5942,0.14607948279063354,0.19745427237418717,0.41062409952306966,-0.5924128490347854,-0.11642085833357307
37,tlkm,2018,44.9955,9.2419,42.0193,83.5942,-0.11642085833357307,0.3062405864916012,-0.5924128490347854,0.17111281965996744,0.10364207121628244
38,tlkm,2019,46.9872,12.0809,45.1632,83.5942,0.10364207121628244,0.2258280314302068,0.17111281965996744,-0.4473247506610101,-0.12379551531336486
39,tlkm,2020,58.0123,26.4573,51.3301,96.1168,-0.12379551531336486,0.42205470418165425,-0.4473247506610101,0.7360013715542377,0.28208761238966185
40,tlkm,2021,57.0969,31.2594,50.0605,89.8555,0.28208761238966185,0.29495544543786784,0.7360013715542377,-0.4064441147745419,-0.03783102102993974
41,tlkm,2022,65.7781,49.3204,58.0713,89.8555,-0.03783102102993974,0.2530016238197495,-0.4064441147745419,0.16307645518615002,0.09766264683997505
42,tlkm,2023,68.987,61.5524,55.4716,89.8555,0.09766264683997505,0.20029039018962602,0.16307645518615002,-1.1427591210257553,-0.2720046003168648
43,klbf,2016,36.8776,0.9061,25.9674,83.5942,0.16280786392839675,0.3237015820342053,0.3021544204812118,0.31562126210010855,0.13173182135764905
44,klbf,2017,44.754,19.4201,31.1064,83.5942,0.13173182135764905,0.2114300567510027,0.31562126210010855,-0.40490895824232465,-0.08223638534447875
45,klbf,2018,40.0463,19.4201,34.734,65.894,-0.08223638534447875,0.36362837212498184,-0.40490895824232465,0.08161422646360666,0.08588407294586453
46,klbf,2019,47.1582,19.4201,38.3313,83.5942,0.08588407294586453,0.2558876540375854,0.08161422646360666,-0.29901035738691184,-0.06951092682809146
47,klbf,2020,51.7755,33.283,38.3313,83.5942,-0.06951092682809146,0.4498537375213318,-0.29901035738691184,0.13422362239201543,0.11204386826931301
48,klbf,2021,60.2052,47.6593,49.2745,83.5942,0.11204386826931301,0.3504887398427976,0.13422362239201543,0.8983220375537364,0.32251513913065066
49,klbf,2022,62.8709,55.2703,49.6675,83.5942,0.32251513913065066,0.28666238649994874,0.8983220375537364,-0.8922723030012384,-0.21567235618181857
50,klbf,2023,61.2313,51.8876,48.1258,83.5942,-0.21567235618181857,0.31455908161415724,-0.8922723030012384,-0.7720549077240111,-0.13804034988150327
51,klbf,2024,62.9414,57.022,48.1258,83.5942,-0.13804034988150327,0.26298692988049077,-0.7720549077240111,-0.34818288376011575,-0.09290252311650593
52,icbp,2016,30.2988,1.7517,7.8597,81.0957,0.29300343812668395,0.3149517296914502,0.7239313730712095,-0.04040475030618582,0.05728452727275335
53,icbp,2017,31.6769,2.084,11.6687,81.0957,0.05728452727275335,0.19095459491220867,-0.04040475030618582,0.5556074988297309,0.20383055209059742
54,icbp,2018,34.242,9.7856,11.6687,81.0957,0.20383055209059742,0.24987163129190024,0.5556074988297309,0.07737494628946556,0.08184408158175893
55,icbp,2019,34.584,9.7856,12.6965,81.0957,0.08184408158175893,0.21769425879462245,0.07737494628946556,-0.5034595144434921,-0.12115426244526706
56,icbp,2020,34.584,9.7856,12.6965,81.0957,-0.12115426244526706,0.3697502124893517,-0.5034595144434921,-0.5513579813189619,-0.06787575290723269
57,icbp,2021,54.2601,46.3304,31.3482,84.9789,-0.06787575290723269,0.24099724209916493,-0.5513579813189619,0.43153268804356093,0.1778796032573431
58,icbp,2022,54.2601,46.3304,31.3482,84.9789,0.1778796032573431,0.261578337829065,0.43153268804356093,0.041176325143436276,0.07523193029720399
59,icbp,2023,53.5962,46.3304,26.9649,87.357,0.07523193029720399,0.24849061351544643,0.041176325143436276,0.11929758515589904,0.09674123300811144
60,icbp,2024,54.7229,49.7131,26.9649,87.357,0.09674123300811144,0.26606769086425125,0.11929758515589904,-1.1333278084983203,-0.26175025124144313
61,unvr,2016,54.6524,50.2567,26.2092,87.357,0.06838742039903556,0.24574759544400152,0.01378414463390934,2.338003646079478,0.46648852316664446
62,unvr,2017,56.7649,52.2199,30.5925,87.357,0.46648852316664446,0.17172279600157486,2.338003646079478,-0.8642583105572483,-0.17046521162921668
63,unvr,2018,60.3863,52.2199,41.4752,87.357,-0.17046521162921668,0.27244772627919034,-0.8642583105572483,-0.5100045548778904,-0.0485613739594557
64,unvr,2019,62.71,64.8445,42.11,81.0957,-0.0485613739594557,0.22266737203287434,-0.5100045548778904,-0.4240696447951139,-0.10336909810638617
65,unvr,2020,64.1183,64.8445,40.0544,87.357,-0.10336909810638617,0.39703171441976814,-0.4240696447951139,-1.4490617352081705,-0.4224625561009602
66,unvr,2021,62.9414,59.4986,41.8682,87.357,-0.4224625561009602,0.3363987497957993,-1.4490617352081705,0.32303129425165783,0.18058446702518238
67,unvr,2022,62.4384,59.8007,40.0544,87.357,0.18058446702518238,0.3578119800836887,0.32303129425165783,-1.1049912538064426,-0.22286911196365633
68,unvr,2023,62.4384,59.8007,40.0544,87.357,-0.22286911196365633,0.2605170954720347,-1.1049912538064426,-1.2748988495553195,-0.44001371722296057
69,unvr,2024,62.4384,59.8007,40.0544,87.357,-0.44001371722296057,0.39612061568579154,-1.2748988495553195,0.7191688584163686,0.4708115726707105
70,antm,2016,54.0087,38.9006,33.1318,89.8555,1.8503188557286983,0.4698746380972234,3.799564204951389,-1.0713928017137537,-0.30167601010887257
71,antm,2017,61.0301,52.7635,40.3567,89.8555,-0.30167601010887257,0.34224236855274126,-1.0713928017137537,0.36266535736945804,0.22661076692639437
72,antm,2018,56.5235,39.2329,40.3567,89.8555,0.22661076692639437,0.4456195322834672,0.36266535736945804,0.12184776544210553,0.11603686537297264
73,antm,2019,61.0301,52.7635,40.3567,89.8555,0.11603686537297264,0.4188576227704576,0.12184776544210553,1.8697335795609382,1.3142702014308125
74,antm,2020,61.0301,52.7635,40.3567,89.8555,1.3142702014308125,0.6681541237143388,1.8697335795609382,0.18082484881236985,0.17124175830307786
75,antm,2021,61.6839,54.7267,40.3567,89.8555,0.17124175830307786,0.5875395942585192,0.18082484881236985,-0.34271029904131495,-0.10389287010690329
76,antm,2022,65.9491,63.5156,44.3773,89.8555,-0.10389287010690329,0.4928152745317486,-0.34271029904131495,-0.6496630432773451,-0.10568501693767118
77,antm,2023,66.5527,63.5156,46.1911,89.8555,-0.10568501693767118,0.26272853089598436,-0.6496630432773451,-0.25577687207494926,-0.03055181474618307
78,antm,2024,64.2893,54.9079,48.0048,89.8555,-0.03055181474618307,0.37357488177501796,-0.25577687207494926,2.0785397941249677,1.168419885038606
79,indf,2016,33.3669,3.2619,13.0593,83.5942,0.5674745406532149,0.3273695009503584,1.534885012789903,-0.42645070672340296,-0.010497958163481313
80,indf,2017,34.745,3.5941,16.8682,83.5942,-0.010497958163481313,0.1770379482861298,-0.42645070672340296,-0.14399121169423518,0.0226688310349088
81,indf,2018,36.9178,10.1178,16.8682,83.5942,0.0226688310349088,0.29398439298490864,-0.14399121169423518,0.09335943804813035,0.09020154654984402
82,indf,2019,35.3184,5.3156,16.8682,83.5942,0.09020154654984402,0.2699410694487221,0.09335943804813035,-0.36354221715373947,-0.09837504673686637
83,indf,2020,35.3184,5.3156,16.8682,83.5942,-0.09837504673686637,0.44939772886893137,-0.36354221715373947,-0.40776181427326536,-0.03522015205000606
84,indf,2021,51.9666,34.7629,31.1366,89.8555,-0.03522015205000606,0.24578111177139947,-0.40776181427326536,0.2144720364448445,0.10787731702192316
85,indf,2022,54.9945,41.2866,33.7062,89.8555,0.10787731702192316,0.19992031470708704,0.2144720364448445,-0.36878924142835684,-0.006623942984659181
86,indf,2023,54.7329,44.6693,29.5345,89.8555,-0.006623942984659181,0.19421375392419973,-0.36878924142835684,0.8833009815822406,0.24752239319478075
87,indf,2024,55.3868,46.6324,29.5345,89.8555,0.24752239319478075,0.2066366923625872,0.8833009815822406,-0.5041448884561782,-0.08902330529340152
88,asii,2016,53.0228,49.9245,25.4232,83.5942,0.41222658393719125,0.33025771307332163,1.0513806951121905,-0.19493856628363668,0.022946072348311475
89,asii,2017,53.0228,49.9245,25.4232,83.5942,0.022946072348311475,0.21572913176400318,-0.19493856628363668,-0.16060971367229482,0.017623989891990988
90,asii,2018,52.1678,49.9245,22.8537,83.5942,0.017623989891990988,0.2949759950676095,-0.16060971367229482,-0.7705773674526634,-0.1325109584434796
91,asii,2019,53.6868,60.1329,19.7098,81.0957,-0.1325109584434796,0.2563155457010132,-0.7705773674526634,-0.33234231502448947,-0.09647866721335863
92,asii,2020,57.117,56.7502,30.8948,83.5942,-0.09647866721335863,0.4858805512065464,-0.33234231502448947,-0.3031750270228923,-0.03108707470653138
93,asii,2021,55.8998,39.8671,37.8476,89.8555,-0.03108707470653138,0.31693598133752615,-0.3031750270228923,-0.08856888798435553,0.04031391100036519
94,asii,2022,57.8916,39.8671,43.8331,89.8555,0.04031391100036519,0.27872190293272364,-0.08856888798435553,0.15326079347377583,0.09950741944563135
95,asii,2023,58.0726,43.0082,41.2334,89.8555,0.09950741944563135,0.2251549053315834,0.15326079347377583,-0.38833228334750686,-0.03566972522122969
96,asii,2024,58.0726,43.0082,41.2334,89.8555,-0.03566972522122969,0.25923604484653,-0.38833228334750686,1.4034663959589504,0.48495559989509185
97,pgas,2016,41.3339,17.7288,31.318,74.8344,0.017776950919647927,0.4220124430837888,-0.1118996604348373,-1.0589961154427294,-0.3314193748026888
98,pgas,2017,49.7435,28.7828,42.6542,77.6942,-0.3314193748026888,0.3743350603670153,-1.0589961154427294,0.2785833220825952,0.23159988418359245
99,pgas,2018,52.2382,28.7828,44.2261,83.5942,0.23159988418359245,0.598025333814486,0.2785833220825952,-0.037349696561221044,0.05030677571650166
100,pgas,2019,50.5281,28.0278,39.8428,83.5942,0.05030677571650166,0.39339608179719,-0.037349696561221044,-0.4145971197370073,-0.19974685112702073
101,pgas,2020,48.4358,28.0278,39.8428,77.3329,-0.19974685112702073,0.6385641349726656,-0.4145971197370073,-0.549266841899029,-0.16918430140923424
102,pgas,2021,48.4358,28.0278,39.8428,77.3329,-0.16918430140923424,0.4263579803935881,-0.549266841899029,0.8700737146425986,0.3764857229640215
103,pgas,2022,56.9359,40.0181,47.0979,83.5942,0.3764857229640215,0.35799923353847196,0.8700737146425986,-1.341761073638841,-0.2876933773559992
104,pgas,2023,62.2976,53.5488,49.6675,83.5942,-0.2876933773559992,0.2628585552862245,-1.341761073638841,1.640417628919475,0.5518248389103206
105,pgas,2024,67.6994,71.3078,48.1258,83.5942,0.5518248389103206,0.2967688412559836,1.640417628919475,0.8775912952590956,0.329699811593245
106,smgr,2016,41.354,19.6013,23.2164,81.0957,-0.16695289039511751,0.31652703618808625,-0.7328059340159707,0.1851721389428187,0.11611187482326013
107,smgr,2017,51.6346,44.6693,29.0206,81.0957,0.11611187482326013,0.2760235698257151,0.1851721389428187,0.26353652027126695,0.17946666345621343
108,smgr,2018,56.4229,45.0015,36.7896,87.357,0.17946666345621343,0.4343483906457786,0.26353652027126695,-0.00639807319779171,0.06258080373702413
109,smgr,2019,57.5998,39.6557,51.6022,81.457,0.06258080373702413,0.37811325194135936,-0.00639807319779171,-0.042241244048310575,0.03984262030014851
110,smgr,2020,60.8289,44.4579,50.5744,87.357,0.03984262030014851,0.5955643652701003,-0.042241244048310575,-1.1957952401470244,-0.4056864993758744
111,smgr,2021,62.2976,57.4449,41.9891,87.357,-0.4056864993758744,0.39361797369088286,-1.1957952401470244,-0.3903720524496856,-0.06643488795743202
112,smgr,2022,59.8431,56.3576,41.9891,81.0957,-0.06643488795743202,0.3366913362077129,-0.3903720524496856,-0.16989246734542104,0.015965976103650803
113,smgr,2023,60.1952,57.4147,41.9891,81.0957,0.015965976103650803,0.2886179985640827,-0.16989246734542104,-1.5593311368053393,-0.47514383697299145
114,jsmr,2016,47.2991,27.605,30.5623,83.5942,-0.16468932766808297,0.29081037101862833,-0.7898250907061697,1.753380472171012,0.5067316402150599
115,jsmr,2017,48.3452,27.605,33.7062,83.5942,0.5067316402150599,0.25193142459726026,1.753380472171012,-1.2440909809155651,-0.3223568955457098
116,jsmr,2018,50.6187,34.0381,34.0992,83.5942,-0.3223568955457098,0.31135736974850653,-1.2440909809155651,0.44989420340446645,0.21929647301341348
117,jsmr,2019,51.7956,36.0012,35.6711,83.5942,0.21929647301341348,0.3429616826485248,0.44989420340446645,-0.30213632767257875,-0.10200792650919754
118,jsmr,2020,50.5382,33.7964,34.0992,83.5942,-0.10200792650919754,0.5527568558064354,-0.30213632767257875,-0.7046968922915452,-0.15982725852730806
119,jsmr,2021,56.2821,51.042,34.0992,83.5942,-0.15982725852730806,0.3190410813310259,-0.7046968922915452,-1.0586864116010395,-0.23393317669445723
120,jsmr,2022,60.2052,49.0788,47.8537,83.5942,-0.23393317669445723,0.2823623439563978,-1.0586864116010395,1.862996109382056,0.6703527300695447
121,jsmr,2023,61.4123,49.0788,51.4813,83.5942,0.6703527300695447,0.32493504791608846,1.862996109382056,-0.5765060996364665,-0.1040985774145613
122,jsmr,2024,58.0324,49.0788,41.3241,83.5942,-0.1040985774145613,0.2933161982521808,-0.5765060996364665,-0.725485655382838,-0.18181788428755463
