,Ticker,Year,Close,Returns,Volatility,Max_Drawdown,Sharpe_Ratio,Future_Sharpe,Future_Returns
0,bbca,2015,2092.7607421875,,,,,0.7316000419159822,0.18064563620777907
1,bbca,2016,2470.808837890625,0.18064563620777907,0.1580722110197199,-0.21199917033027413,0.7316000419159822,1.9588583120313667,0.42893648917986016
2,bbca,2017,3530.62890625,0.42893648917986016,0.1857901038296396,-0.3257809367545784,1.9588583120313667,0.6175674254291613,0.2001738967362623
3,bbca,2018,4237.36865234375,0.2001738967362623,0.2188811960772169,-0.21928580859334015,0.6175674254291613,1.5624079008354104,0.30143426044156274
4,bbca,2019,5514.65673828125,0.30143426044156274,0.1513268464113262,-0.24250414838263243,1.5624079008354104,-0.08307024369537418,0.033342698173732144
5,bbca,2020,5698.5302734375,0.033342698173732144,0.3810907542580222,-0.37531407315668697,-0.08307024369537418,0.13908089336206225,0.09707084217678807
6,bbca,2021,6251.69140625,0.09707084217678807,0.23059128685131228,-0.23096768135901144,0.13908089336206225,0.5653130177093548,0.19382559282394207
7,bbca,2022,7463.42919921875,0.19382559282394207,0.22788364815291648,-0.24731188704038332,0.5653130177093548,0.3483387940612007,0.12674098434272896
8,bbca,2023,8409.3515625,0.12674098434272896,0.17724406639554907,-0.16438608385196168,0.3483387940612007,-0.030540476696710166,0.05822503221395081
9,bbca,2024,8898.986328125,0.05822503221395081,0.22183569213177978,-0.17808223316133417,-0.030540476696710166,-0.687712788158884,-0.1340067151257791
10,bbca,2025,7706.46240234375,-0.1340067151257791,0.2893747485175484,-0.25257737925020557,-0.687712788158884,,
11,bbni,2015,1639.973388671875,,,,,0.24745037651361831,0.1330442849995035
12,bbni,2016,1858.1624755859375,0.1330442849995035,0.2749815375437859,-0.26638290095894335,0.24745037651361831,3.4733532382103123,0.848877553882794
13,bbni,2017,3435.514892578125,0.848877553882794,0.22568322313416544,-0.4678173225787907,3.4733532382103123,-0.4230579224238065,-0.08571420043776701
14,bbni,2018,3141.04248046875,-0.08571420043776701,0.3562495640650977,-0.3201824714838178,-0.4230579224238065,-0.6041239757217717,-0.08657516763552109
15,bbni,2019,2869.106201171875,-0.08657516763552109,0.25090076495379615,-0.30609354189553095,-0.6041239757217717,-0.47114787768731037,-0.18958362247198512
16,bbni,2020,2325.170654296875,-0.18958362247198512,0.5403475947331895,-0.589201522976473,-0.47114787768731037,0.11354766766027242,0.10151430627309255
17,bbni,2021,2561.208740234375,0.10151430627309255,0.3215768938763329,-0.3852348843162528,0.11354766766027242,1.1588649040432275,0.391883734095811
18,bbni,2022,3564.90478515625,0.391883734095811,0.2820723390235811,-0.33301398143581235,1.1588649040432275,0.7437065997579285,0.21556994490424164
19,bbni,2023,4333.39111328125,0.21556994490424164,0.20245879887747553,-0.24199403140470446,0.7437065997579285,-0.7315468390606163,-0.1520223306818137
20,bbni,2024,3674.618896484375,-0.1520223306818137,0.29666224921495576,-0.28403358454614264,-0.7315468390606163,0.07760929583341808,0.09458384123725638
21,bbni,2025,4022.178466796875,0.09458384123725638,0.3811894041759591,-0.2479786152420386,0.07760929583341808,,
22,bbri,2015,1224.6658935546875,,,,,-0.050571791220523916,0.050539134806677044
23,bbri,2016,1286.5594482421875,0.050539134806677044,0.2859472611967559,-0.26019435100967625,-0.050571791220523916,2.640395047206809,0.6112026240346431
24,bbri,2017,2072.907958984375,0.6112026240346431,0.20686397840825135,-0.379345598695786,2.640395047206809,-0.08461333384491174,0.03622015843109905
25,bbri,2018,2147.989013671875,0.03622015843109905,0.3401336439674117,-0.28491896546670753,-0.08461333384491174,0.812717626723178,0.24492544636874758
26,bbri,2019,2674.086181640625,0.24492544636874758,0.2213874049886117,-0.23383179454689187,0.812717626723178,-0.1528332364326662,-0.01530212067735981
27,bbri,2020,2633.1669921875,-0.01530212067735981,0.5254231510875487,-0.5243351988752678,-0.1528332364326662,0.1499615677061955,0.1103387229390107
28,bbri,2021,2923.707275390625,0.1103387229390107,0.3023356159348658,-0.23522249278773008,0.1499615677061955,0.7254868778054363,0.24959273116248548
29,bbri,2022,3653.443359375,0.24959273116248548,0.25443979320600507,-0.21389291496734486,0.7254868778054363,0.7942387791204907,0.23159618253969527
30,bbri,2023,4499.56689453125,0.23159618253969527,0.20975578997058975,-0.2710364484949886,0.7942387791204907,-1.005397453971407,-0.22421797757661788
31,bbri,2024,3490.68310546875,-0.22421797757661788,0.2876653172674964,-0.35555558363504747,-1.005397453971407,-0.21788343407698751,-0.01519740257233293
32,bbri,2025,3437.6337890625,-0.01519740257233293,0.3680748052832496,-0.2863526673112188,-0.21788343407698751,,
33,bmri,2015,1332.0242919921875,,,,,0.7187011020461218,0.284269905002253
34,bmri,2016,1710.6787109375,0.284269905002253,0.30509192817152747,-0.2627117694953371,0.7187011020461218,1.7470099639455827,0.41420120623267787
35,bmri,2017,2419.243896484375,0.41420120623267787,0.19988506845376816,-0.3341224130287511,1.7470099639455827,-0.3569520351674235,-0.05398637208992063
36,bmri,2018,2288.6376953125,-0.05398637208992063,0.3333399458952845,-0.2969789407670603,-0.3569520351674235,0.03667239797547426,0.07433344071958747
37,bmri,2019,2458.760009765625,0.07433344071958747,0.2545086014235961,-0.22085899208097418,0.03667239797547426,-0.3764690281797141,-0.1342773432166815
38,bmri,2020,2128.604248046875,-0.1342773432166815,0.5293326364195701,-0.5115168377971874,-0.3764690281797141,0.28843926752243043,0.1485742874304532
39,bmri,2021,2444.860107421875,0.1485742874304532,0.2897465665764598,-0.23129256050812433,0.28843926752243043,1.5228645239621215,0.48016820603891675
40,bmri,2022,3618.80419921875,0.48016820603891675,0.2726232041696989,-0.3848330587114598,1.5228645239621215,0.9428853119133247,0.2813707318448788
41,bmri,2023,4637.02978515625,0.2813707318448788,0.22947725360766763,-0.3048684556636774,0.9428853119133247,-0.2457329147818409,-0.009667738168785411
42,bmri,2024,4592.2001953125,-0.009667738168785411,0.30385729252051824,-0.23825504038187242,-0.2457329147818409,-0.2175024633230579,-0.015248235320887371
43,bmri,2025,4522.17724609375,-0.015248235320887371,0.36895322514896817,-0.28582993360593967,-0.2175024633230579,,
44,indf,2015,3449.75,,,,,1.5348845442989913,0.5674744603322706
45,indf,2016,5407.39501953125,0.5674744603322706,0.3273695485426622,-0.4474422447471104,1.5348845442989913,-0.42645088704653544,-0.010498047514322484
46,indf,2017,5350.6279296875,-0.010498047514322484,0.17703808294830428,-0.16809124128860525,-0.42645088704653544,-0.14399117703459474,0.0226688310349088
47,indf,2018,5471.92041015625,0.0226688310349088,0.29398446374892045,-0.2959928225977181,-0.14399117703459474,0.09335970978044822,0.09020163578382645
48,indf,2019,5965.49658203125,0.09020163578382645,0.2699412395678235,-0.2704714060542376,0.09335970978044822,-0.3635424369638929,-0.09837520238657571
49,indf,2020,5378.6396484375,-0.09837520238657571,0.4493978852950314,-0.3878788576895582,-0.3635424369638929,-0.40776160998105254,-0.035220064465795065
50,indf,2021,5189.20361328125,-0.035220064465795065,0.24578102011724937,-0.16518722219417803,-0.40776160998105254,0.2144727346652027,0.10787741111752736
51,indf,2022,5749.00146484375,0.10787741111752736,0.19992010259234147,-0.21509417304248618,0.2144727346652027,-0.36879011813442186,-0.006624112288521555
52,indf,2023,5710.91943359375,-0.006624112288521555,0.19421375130885415,-0.209453627137057,-0.36879011813442186,0.8833019700171398,0.24752249985742947
53,indf,2024,7124.50048828125,0.24752249985742947,0.20663658188590675,-0.31439070182257,0.8833019700171398,-0.5041448277780306,-0.08902330529340152
54,indf,2025,6490.25390625,-0.08902330529340152,0.3055140047201204,-0.24374514511095932,-0.5041448277780306,,
55,jsmr,2015,4395.6298828125,,,,,-0.7898245982715352,-0.16468932766808297
56,jsmr,2016,3671.716552734375,-0.16468932766808297,0.2908105523311616,-0.3602794166344034,-0.7898245982715352,1.753381684460289,0.5067319061839837
57,jsmr,2017,5532.29248046875,0.5067319061839837,0.25193140210082315,-0.3932411613060594,1.753381684460289,-1.244090967884582,-0.3223568827732415
58,jsmr,2018,3748.919921875,-0.3223568827732415,0.3113573627432506,-0.4112853397379472,-1.244090967884582,0.4498935922553563,0.21929623480096083
59,jsmr,2019,4571.0439453125,0.21929623480096083,0.34296161905187444,-0.3181924906393183,0.4498935922553563,-0.30213637540605076,-0.10200792650919754
60,jsmr,2020,4104.76123046875,-0.10200792650919754,0.552756768478308,-0.5542856863074608,-0.30213637540605076,-0.7046970965281889,-0.15982725852730806
61,jsmr,2021,3448.70849609375,-0.15982725852730806,0.319040988865937,-0.3292682995087369,-0.7046970965281889,-1.0586861686462867,-0.23393310590255778
62,jsmr,2022,2641.94140625,-0.23393310590255778,0.2823623418872048,-0.2952853631926861,-1.0586861686462867,1.862996063025061,0.6703525757129951
63,jsmr,2023,4412.9736328125,0.6703525757129951,0.3249349731475262,-0.40980724013370456,1.862996063025061,-0.5765060671102569,-0.1040985774145613
64,jsmr,2024,3953.58935546875,-0.1040985774145613,0.29331621480094705,-0.2844491179574944,-0.5765060671102569,-0.725485655382838,-0.18181788428755463
65,jsmr,2025,3234.756103515625,-0.18181788428755463,0.34021056440779535,-0.25143082860146304,-0.725485655382838,,
66,klbf,2015,1064.8402099609375,,,,,0.30215566860406023,0.16280811186665956
67,klbf,2016,1238.204833984375,0.16280811186665956,0.3237010654757091,-0.3120694419551345,0.30215566860406023,0.3156207866402398,0.13173180837066645
68,klbf,2017,1401.3157958984375,0.13173180837066645,0.2114303341076539,-0.19480673188213773,0.3156207866402398,-0.4049091192906234,-0.08223646529197626
69,klbf,2018,1286.0765380859375,-0.08223646529197626,0.36362842494119607,-0.33973607658499905,-0.4049091192906234,0.08161461141429,0.08588416786269781
70,klbf,2019,1396.5301513671875,0.08588416786269781,0.2558876100835197,-0.26823483771285606,0.08161461141429,-0.2990103887272769,-0.06951100816188283
71,klbf,2020,1299.4559326171875,-0.06951100816188283,0.4498539623804455,-0.4804804951658261,-0.2990103887272769,0.13422340901717214,0.11204377432975776
72,klbf,2021,1445.0518798828125,0.11204377432975776,0.350488597139856,-0.28200710177485916,0.13422340901717214,0.8983225484153419,0.3225152508497098
73,klbf,2022,1911.1031494140625,0.3225152508497098,0.2866623478437356,-0.3100703659546405,0.8983225484153419,-0.8922724742773531,-0.21567242005608545
74,klbf,2023,1498.930908203125,-0.21567242005608545,0.31455909281904115,-0.31619046250674276,-0.8922724742773531,-0.7720544658032966,-0.13804027968501642
75,klbf,2024,1292.01806640625,-0.13804027968501642,0.26298698949142124,-0.27142852947158425,-0.7720544658032966,-0.34818288376011575,-0.09290252311650593
76,klbf,2025,1171.986328125,-0.09290252311650593,0.45350455315688215,-0.3803588190175507,-0.34818288376011575,,
77,smgr,2015,8724.1904296875,,,,,-0.732805820372926,-0.166952778457797
78,smgr,2016,7267.66259765625,-0.166952778457797,0.3165269325232104,-0.30603447588704047,-0.732805820372926,0.1851717158763635,0.11611172485028232
79,smgr,2017,8111.5234375,0.11611172485028232,0.2760233905506869,-0.24587836264441218,0.1851717158763635,0.2635365353963922,0.17946666345621343
80,smgr,2018,9567.271484375,0.17946666345621343,0.43434836571726615,-0.4407484810331454,0.2635365353963922,-0.006398071974540199,0.06258080373702413
81,smgr,2019,10165.9990234375,0.06258080373702413,0.3781133242330761,-0.2750864784868365,-0.006398071974540199,-0.04224123163001102,0.03984262030014851
82,smgr,2020,10571.0390625,0.03984262030014851,0.5955645403572464,-0.5498083890137617,-0.04224123163001102,-1.1957952050588967,-0.4056865455663432
83,smgr,2021,6282.5107421875,-0.4056865455663432,0.3936180238681927,-0.418270290830964,-1.1957952050588967,-0.3903723431772997,-0.06643489312079931
84,smgr,2022,5865.1328125,-0.06643489312079931,0.3366910986855032,-0.2787879453214119,-0.3903723431772997,-0.1698919444424443,0.01596614393589224
85,smgr,2023,5958.7763671875,0.01596614393589224,0.2886178990123888,-0.2451612602480777,-0.1698919444424443,-1.5593312116016214,-0.4751438799813891
86,smgr,2024,3127.500244140625,-0.4751438799813891,0.3463945799087778,-0.4910723953212513,-1.5593312116016214,-0.4474448674604666,-0.1689075170404678
87,smgr,2025,2599.241943359375,-0.1689075170404678,0.5227627671047862,-0.3647416157119917,-0.4474448674604666,,
88,unvr,2015,5005.28173828125,,,,,0.013784540164572909,0.06838752462364717
89,unvr,2016,5347.58056640625,0.06838752462364717,0.24574810499325217,-0.2681373228646051,0.013784540164572909,2.3379974982780745,0.4664882492401965
90,unvr,2017,7842.1640625,0.4664882492401965,0.17172313038653417,-0.3180988661053978,2.3379974982780745,-0.8642566912769972,-0.17046499441620167
91,unvr,2018,6505.349609375,-0.17046499441620167,0.2724479854107769,-0.28772917980428314,-0.8642566912769972,-0.5100053087202391,-0.04856159548976968
92,unvr,2019,6189.439453125,-0.04856159548976968,0.22266747727534605,-0.16841564470001483,-0.5100053087202391,-0.4240691443706518,-0.10336903552642751
93,unvr,2020,5549.64306640625,-0.10336903552642751,0.39703203536842774,-0.3411079519284924,-0.4240691443706518,-1.4490609542121398,-0.42246259327101643
94,unvr,2021,3205.12646484375,-0.42246259327101643,0.33639895675475695,-0.4865821779811501,-1.4490609542121398,0.3230315433876897,0.1805845707080287
95,unvr,2022,3783.9228515625,0.1805845707080287,0.35781202509164456,-0.40287927520737926,0.3230315433876897,-1.104989853238081,-0.22286906182277666
96,unvr,2023,2940.603515625,-0.22286906182277666,0.26051738029919486,-0.30598016919638504,-1.104989853238081,-1.2748992470663971,-0.44001371722296057
97,unvr,2024,1646.6976318359375,-0.44001371722296057,0.39612049217616274,-0.49848051102976204,-1.2748992470663971,0.7191688445921078,0.4708115726707105
98,unvr,2025,2421.98193359375,0.4708115726707105,0.5642785775861513,-0.6563698720475439,0.7191688445921078,,
99,asii,2015,3487.772705078125,,,,,1.0513812337771264,0.4122268805005658
100,asii,2016,4925.5263671875,0.4122268805005658,0.33025782593925535,-0.35360356358159956,1.0513812337771264,-0.19493804522615654,0.02294617148111744
101,asii,2017,5038.54833984375,0.02294617148111744,0.21572919985985287,-0.16393462939237705,-0.19493804522615654,-0.16060996827004553,0.017623891274952674
102,asii,2018,5127.34716796875,0.017623891274952674,0.29497614148948925,-0.29671305859091557,-0.16060996827004553,-0.7705751935854444,-0.13251067275115136
103,asii,2019,4447.9189453125,-0.13251067275115136,0.2563158980399369,-0.23786663765860586,-0.7705751935854444,-0.33234252435168327,-0.09647880010600107
104,asii,2020,4018.7890625,-0.09647880010600107,0.48588064503934797,-0.5444445089683542,-0.33234252435168327,-0.30317538421761014,-0.031087190540527443
105,asii,2021,3893.856201171875,-0.031087190540527443,0.31693598999963324,-0.30518581204008277,-0.30317538421761014,-0.08856873328314019,0.040313971171658025
106,asii,2022,4050.8330078125,0.040313971171658025,0.278721710396655,-0.30033005760509657,-0.08856873328314019,0.1532606489772351,0.09950740745115838
107,asii,2023,4453.9208984375,0.09950740745115838,0.22515503934923317,-0.3085920996298466,0.1532606489772351,-0.3883330655105657,-0.035669940569832415
108,asii,2024,4295.0498046875,-0.035669940569832415,0.25923607725104575,-0.20619646755775817,-0.3883330655105657,1.4034671484468264,0.48495576871175516
109,asii,2025,6377.958984375,0.48495576871175516,0.2992273593126189,-0.3865899019579203,1.4034671484468264,,
110,tlkm,2015,1818.1552734375,,,,,0.935585667540273,0.32345265929419575
111,tlkm,2016,2406.242431640625,0.32345265929419575,0.2762469202565787,-0.3454011366414483,0.935585667540273,0.4106255098067697,0.14607970053477248
112,tlkm,2017,2757.74560546875,0.14607970053477248,0.19745412449637287,-0.22331904855024684,0.4106255098067697,-0.5924130755242751,-0.1164209365560036
113,tlkm,2018,2436.686279296875,-0.1164209365560036,0.3062406014510218,-0.2295191119189683,-0.5924130755242751,0.17111298037741726,0.10364207121628244
114,tlkm,2019,2689.2294921875,0.10364207121628244,0.22582781932177862,-0.24676477261530735,0.17111298037741726,-0.4473250215319444,-0.12379551531336486
115,tlkm,2020,2356.31494140625,-0.12379551531336486,0.42205444861278024,-0.34987589834297705,-0.4473250215319444,0.7360016868380834,0.2820877160008646
116,tlkm,2021,3021.00244140625,0.2820877160008646,0.2949554598624483,-0.28999725967335305,0.7360016868380834,-0.40644433633233135,-0.037831098787088346
117,tlkm,2022,2906.714599609375,-0.037831098787088346,0.25300167721615874,-0.24210523174816206,-0.40644433633233135,0.16307646711475576,0.09766264683997505
118,tlkm,2023,3190.592041015625,0.09766264683997505,0.20029037553892173,-0.19001584369709268,0.16307646711475576,-1.1427591210257553,-0.2720046003168648
119,tlkm,2024,2322.736328125,-0.2720046003168648,0.29490431895600633,-0.3623316187423814,-1.1427591210257553,0.8472266921369148,0.38527535629868126
120,tlkm,2025,3217.62939453125,0.38527535629868126,0.3780279342838783,-0.42935449788779156,0.8472266921369148,,
121,icbp,2015,5272.90283203125,,,,,0.7239314210176068,0.2930035035959664
122,icbp,2016,6817.8818359375,0.2930035035959664,0.3149517992677667,-0.3601930652236273,0.7239314210176068,-0.04040515794680144,0.057284447449842846
123,icbp,2017,7208.4404296875,0.057284447449842846,0.19095464396688336,-0.12380185511792967,-0.04040515794680144,0.5556076776638763,0.20383060602107195
124,icbp,2018,8677.7412109375,0.20383060602107195,0.24987164793114994,-0.2707656900684612,0.5556076776638763,0.07737486347873496,0.08184407237131364
125,icbp,2019,9387.962890625,0.08184407237131364,0.21769437274603934,-0.28416193106085363,0.07737486347873496,-0.5034596698871918,-0.12115435386529083
126,icbp,2020,8250.5703125,-0.12115435386529083,0.3697502799121957,-0.3063830501313844,-0.5034596698871918,-0.5513577439547369,-0.06787569372571778
127,icbp,2021,7690.55712890625,-0.06787569372571778,0.24099723851276145,-0.20512828262057978,-0.5513577439547369,0.43153250832642653,0.17787952847257582
128,icbp,2022,9058.5498046875,0.17787952847257582,0.26157827346622453,-0.3353974096669298,0.43153250832642653,0.04117632339463996,0.07523193029720399
129,icbp,2023,9740.0419921875,0.07523193029720399,0.2484906240690713,-0.22112789766443577,0.04117632339463996,0.11929758515589904,0.09674123300811144
130,icbp,2024,10682.3056640625,0.09674123300811144,0.26606769086425125,-0.25484526715444983,0.11929758515589904,-1.1333278084983203,-0.26175025124144313
131,icbp,2025,7886.20947265625,-0.26175025124144313,0.2883104506845139,-0.31008245280026636,-1.1333278084983203,,
132,antm,2015,235.90042114257812,,,,,3.7995630279733614,1.8503183382632695
133,antm,2016,672.3912963867188,1.8503183382632695,0.46987464745795665,-0.7015228764477173,3.7995630279733614,-1.0713930118274118,-0.3016759741038386
134,antm,2017,469.5469970703125,-0.3016759741038386,0.3422422678288904,-0.34239126499379824,-1.0713930118274118,0.3626654621143183,0.22661079638292092
135,antm,2018,575.951416015625,0.22661079638292092,0.44561948480216307,-0.4020100752264783,0.3626654621143183,0.12184806107781715,0.11603698364246995
136,antm,2019,642.7830810546875,0.11603698364246995,0.41885757714171296,-0.42735036209130256,0.12184806107781715,1.8697332235468642,1.3142702014308125
137,antm,2020,1487.57373046875,1.3142702014308125,0.6681542509369118,-0.8268043858311976,1.8697332235468642,0.18082510676719513,0.17124184036308598
138,antm,2021,1742.30859375,0.17124184036308598,0.5875392099166183,-0.3934168764070492,0.18082510676719513,-0.34271069125738784,-0.10389300295270953
139,antm,2022,1561.294921875,-0.10389300295270953,0.4928150981606375,-0.4606078939786805,-0.34271069125738784,-0.6496630185238133,-0.10568502520068601
140,antm,2023,1396.2894287109375,-0.10568502520068601,0.2627285536254202,-0.29928897788352476,-0.6496630185238133,-0.25577659738572417,-0.03055172999237743
141,antm,2024,1353.63037109375,-0.03055172999237743,0.37357495161404675,-0.28402370041879027,-0.25577659738572417,2.0785397941249677,1.168419885038606
142,antm,2025,2935.239013671875,1.168419885038606,0.5308630068846617,-0.6418125503973066,2.0785397941249677,,
143,pgas,2015,1495.3431396484375,,,,,-0.11189928194511477,0.017777114186939835
144,pgas,2016,1521.926025390625,0.017777114186939835,0.4220124114489172,-0.35568521016301363,-0.11189928194511477,-1.0589968937630005,-0.33141944194953676
145,pgas,2017,1017.5301513671875,-0.33141944194953676,0.37433484865183553,-0.5185077304374878,-1.0589968937630005,0.2785835912959144,0.2316000502422919
146,pgas,2018,1253.190185546875,0.2316000502422919,0.5980253519861031,-0.430002622740472,0.2785835912959144,-0.037350191268509754,0.050306571100669384
147,pgas,2019,1316.23388671875,0.050306571100669384,0.39339634953138153,-0.3010861499862928,-0.037350191268509754,-0.41459720583174375,-0.19974685112702073
148,pgas,2020,1053.3203125,-0.19974685112702073,0.6385640023692372,-0.7211981251625306,-0.41459720583174375,-0.5492669361209508,-0.16918424346374927
149,pgas,2021,875.1151123046875,-0.16918424346374927,0.4263578017595819,-0.4613259495800278,-0.5492669361209508,0.8700740657745216,0.37648590594178244
150,pgas,2022,1204.5836181640625,0.37648590594178244,0.3579992993636746,-0.39968214844066074,0.8700740657745216,-1.3417627603967444,-0.28769357239280424
151,pgas,2023,858.0326538085938,-0.28769357239280424,0.26285837019989783,-0.32866692967302524,-1.3417627603967444,1.6404177037057952,0.5518249492975782
152,pgas,2024,1331.5164794921875,0.5518249492975782,0.2967688950185148,-0.4151887800798495,1.6404177037057952,0.8775911909448554,0.329699811593245
153,pgas,2025,1770.5172119140625,0.329699811593245,0.3016208621103602,-0.31653368911375745,0.8775911909448554,,
