sec;sdate;NAV BK DB
IXISR;2015-12-30;265,5348
IXISR;2016-01-04;262,7626
IXISR;2016-01-05;266,3237
IXISR;2016-01-06;269,8472
IXISR;2016-01-07;263,6682
IXISR;2016-01-08;265,419
IXISR;2016-01-11;259,891
IXISR;2016-01-12;264,8568
IXISR;2016-01-13;267,1205
IXISR;2016-01-14;265,3463
IXISR;2016-01-15;264,1602
IXISR;2016-01-18;261,8467
IXISR;2016-01-19;263,9545
IXISR;2016-01-20;259,467
IXISR;2016-01-21;258,8863
IXISR;2016-01-22;263,4708
IXISR;2016-01-25;266,5909
IXISR;2016-01-26;265,3515
IXISR;2016-01-27;268,7012
IXISR;2016-01-28;268,9917
IXISR;2016-01-29;271,7925
IXISR;2016-02-01;271,4585
IXISR;2016-02-02;267,7994
IXISR;2016-02-03;268,2744
IXISR;2016-02-04;274,2479
IXISR;2016-02-05;285,5583
IXISR;2016-02-09;282,492
IXISR;2016-02-10;281,2321
IXISR;2016-02-11;285,7175
IXISR;2016-02-12;280,3871
IXISR;2016-02-15;281,8384
IXISR;2016-02-16;281,9941
IXISR;2016-02-17;282,864
IXISR;2016-02-18;284,3346
IXISR;2016-02-19;277,2786
IXISR;2016-02-22;276,0876
IXISR;2016-02-23;272,3299
IXISR;2016-02-24;271,606
IXISR;2016-02-25;271,6279
IXISR;2016-02-26;277,5625
IXISR;2016-02-29;279,6302
IXISR;2016-03-01;279,9536
IXISR;2016-03-02;285,1028
IXISR;2016-03-03;285,2293
IXISR;2016-03-04;285,4403
IXISR;2016-03-07;284,8795
IXISR;2016-03-08;283,4006
IXISR;2016-03-10;282,5846
IXISR;2016-03-11;284,5636
IXISR;2016-03-14;288,4169
IXISR;2016-03-15;286,2649
IXISR;2016-03-16;287,5983
IXISR;2016-03-17;289,0106
IXISR;2016-03-18;290,1309
IXISR;2016-03-21;290,663
IXISR;2016-03-22;289,9082
IXISR;2016-03-23;287,2376
IXISR;2016-03-24;285,5239
IXISR;2016-03-28;281,9911
IXISR;2016-03-29;281,5151
IXISR;2016-03-30;284,9519
IXISR;2016-03-31;286,868
IXISR;2016-04-01;287,0391
IXISR;2016-04-04;288,6876
IXISR;2016-04-05;288,0921
IXISR;2016-04-06;287,9387
IXISR;2016-04-07;288,1474
IXISR;2016-04-08;285,7306
IXISR;2016-04-11;280,4404
IXISR;2016-04-12;284,369
IXISR;2016-04-13;285,1391
IXISR;2016-04-14;282,342
IXISR;2016-04-15;284,9152
IXISR;2016-04-18;288,6387
IXISR;2016-04-19;289,432
IXISR;2016-04-20;290,2025
IXISR;2016-04-21;292,8395
IXISR;2016-04-22;293,8843
IXISR;2016-04-25;290,0559
IXISR;2016-04-26;283,9731
IXISR;2016-04-27;282,8343
IXISR;2016-04-28;281,4485
IXISR;2016-04-29;279,6423
IXISR;2016-05-02;278,1782
IXISR;2016-05-03;280,1158
IXISR;2016-05-04;281,0822
IXISR;2016-05-09;276,7802
IXISR;2016-05-10;278,6304
IXISR;2016-05-11;281,485
IXISR;2016-05-12;280,0445
IXISR;2016-05-13;276,6653
IXISR;2016-05-16;274,0242
IXISR;2016-05-17;272,5857
IXISR;2016-05-18;272,4682
IXISR;2016-05-19;271,4348
IXISR;2016-05-20;271,5386
IXISR;2016-05-23;274,6198
IXISR;2016-05-24;273,3407
IXISR;2016-05-25;278,2235
IXISR;2016-05-26;279,2295
IXISR;2016-05-27;281,5521
IXISR;2016-05-30;283,2699
IXISR;2016-05-31;279,7439
IXISR;2016-06-01;282,2007
IXISR;2016-06-02;281,0551
IXISR;2016-06-03;282,6896
IXISR;2016-06-06;286,5642
IXISR;2016-06-07;288,4144
IXISR;2016-06-08;287,5076
IXISR;2016-06-09;284,0302
IXISR;2016-06-10;281,7229
IXISR;2016-06-13;278,9676
IXISR;2016-06-14;279,3258
IXISR;2016-06-15;282,406
IXISR;2016-06-16;282,1783
IXISR;2016-06-17;283,0567
IXISR;2016-06-20;284,0037
IXISR;2016-06-21;284,4576
IXISR;2016-06-22;286,6826
IXISR;2016-06-23;285,9449
IXISR;2016-06-24;283,0233
IXISR;2016-06-27;282,4916
IXISR;2016-06-28;287,2814
IXISR;2016-06-29;295,1106
IXISR;2016-06-30;296,9373
IXISR;2016-07-01;294,0648
IXISR;2016-07-11;300,9796
IXISR;2016-07-12;304,1105
IXISR;2016-07-13;306,5113
IXISR;2016-07-14;301,3907
IXISR;2016-07-15;304,3227
IXISR;2016-07-18;305,5064
IXISR;2016-07-19;310,0626
IXISR;2016-07-20;312,9575
IXISR;2016-07-21;309,204
IXISR;2016-07-22;307,1759
IXISR;2016-07-25;309,4556
IXISR;2016-07-26;310,8022
IXISR;2016-07-27;316,1364
IXISR;2016-07-28;317,624
IXISR;2016-07-29;314,435
IXISR;2016-08-01;324,5978
IXISR;2016-08-02;322,7306
IXISR;2016-08-03;320,3855
IXISR;2016-08-04;322,1998
IXISR;2016-08-05;327,2964
IXISR;2016-08-08;331,3683
IXISR;2016-08-09;330,4744
IXISR;2016-08-10;328,6282
IXISR;2016-08-11;326,6553
IXISR;2016-08-12;324,3126
IXISR;2016-08-15;321,006
IXISR;2016-08-16;323,9922
IXISR;2016-08-18;329,277
IXISR;2016-08-19;325,7009
IXISR;2016-08-22;326,66
IXISR;2016-08-23;325,69
IXISR;2016-08-24;326,0469
IXISR;2016-08-25;329,621
IXISR;2016-08-26;329,1066
IXISR;2016-08-29;323,0932
IXISR;2016-08-30;323,1341
IXISR;2016-08-31;325,1877
IXISR;2016-09-01;321,8354
IXISR;2016-09-02;323,6594
IXISR;2016-09-05;324,218
IXISR;2016-09-06;326,1896
IXISR;2016-09-07;326,9688
IXISR;2016-09-08;325,0389
IXISR;2016-09-09;318,9994
IXISR;2016-09-13;315,2567
IXISR;2016-09-14;310,8882
IXISR;2016-09-15;319,5443
IXISR;2016-09-16;317,471
IXISR;2016-09-19;321,4724
IXISR;2016-09-20;321,7024
IXISR;2016-09-21;324,2174
IXISR;2016-09-22;327,8797
IXISR;2016-09-23;327,9643
IXISR;2016-09-26;325,9554
IXISR;2016-09-27;332,319
IXISR;2016-09-28;329,634
IXISR;2016-09-29;331,7755
IXISR;2016-09-30;326,6048
IXISR;2016-10-03;332,0829
IXISR;2016-10-04;331,8423
IXISR;2016-10-05;327,9764
IXISR;2016-10-06;326,6763
IXISR;2016-10-07;323,4448
IXISR;2016-10-10;322,0592
IXISR;2016-10-11;323,5485
IXISR;2016-10-12;322,6346
IXISR;2016-10-13;322,0097
IXISR;2016-10-14;326,2908
IXISR;2016-10-17;326,3099
IXISR;2016-10-18;327,8624
IXISR;2016-10-19;325,8581
IXISR;2016-10-20;324,793
IXISR;2016-10-21;324,8008
IXISR;2016-10-24;325,0894
IXISR;2016-10-25;323,6577
IXISR;2016-10-26;323,2033
IXISR;2016-10-27;325,6485
IXISR;2016-10-28;325,3173
IXISR;2016-10-31;325,5078
IXISR;2016-11-01;324,9715
IXISR;2016-11-02;325,0615
IXISR;2016-11-03;320,5705
IXISR;2016-11-04;321,5141
IXISR;2016-11-07;322,7616
IXISR;2016-11-08;328,8262
IXISR;2016-11-09;323,1625
IXISR;2016-11-10;324,7722
IXISR;2016-11-11;307,0799
IXISR;2016-11-14;297,588
IXISR;2016-11-15;296,8889
IXISR;2016-11-16;305,3855
IXISR;2016-11-17;305,0314
IXISR;2016-11-18;303,8899
IXISR;2016-11-21;302,3266
IXISR;2016-11-22;303,2191
IXISR;2016-11-23;304,2392
IXISR;2016-11-24;296,1432
IXISR;2016-11-25;296,3896
IXISR;2016-11-28;295,2315
IXISR;2016-11-29;297,1732
IXISR;2016-11-30;297,4909
IXISR;2016-12-01;303,5477
IXISR;2016-12-02;307,1778
IXISR;2016-12-05;307,6768
IXISR;2016-12-06;307,8839
IXISR;2016-12-07;306,6773
IXISR;2016-12-08;310,004
IXISR;2016-12-09;310,3151
IXISR;2016-12-13;310,008
IXISR;2016-12-14;307,4678
IXISR;2016-12-15;306,5576
IXISR;2016-12-16;303,5559
IXISR;2016-12-19;301,9557
IXISR;2016-12-20;299,7345
IXISR;2016-12-21;297,8804
IXISR;2016-12-22;293,6918
IXISR;2016-12-23;291,7567
IXISR;2016-12-27;296,493
IXISR;2016-12-28;303,6145
IXISR;2016-12-29;312,3106
IXISR;2016-12-30;312,4394
IXISR;2017-01-03;312,2213
IXISR;2017-01-04;314,4689
IXISR;2017-01-05;315,3811
IXISR;2017-01-06;316,1356
IXISR;2017-01-09;312,9337
IXISR;2017-01-10;314,0013
IXISR;2017-01-11;312,1904
IXISR;2017-01-12;311,1226
IXISR;2017-01-13;310,5254
IXISR;2017-01-16;308,9013
IXISR;2017-01-17;309,6223
IXISR;2017-01-18;313,1569
IXISR;2017-01-19;313,1619
IXISR;2017-01-20;309,0468
IXISR;2017-01-23;308,816
IXISR;2017-01-24;311,5313
IXISR;2017-01-25;311,0321
IXISR;2017-01-26;313,1621
IXISR;2017-01-27;313,1595
IXISR;2017-01-30;311,4977
IXISR;2017-01-31;310,5671
IXISR;2017-02-01;314,0764
IXISR;2017-02-02;315,6426
IXISR;2017-02-03;316,3452
IXISR;2017-02-06;318,5213
IXISR;2017-02-07;317,8672
IXISR;2017-02-08;316,1445
IXISR;2017-02-09;317,5876
IXISR;2017-02-10;317,2019
IXISR;2017-02-13;320,1846
IXISR;2017-02-14;318,2236
IXISR;2017-02-17;315,8784
IXISR;2017-02-20;316,4314
IXISR;2017-02-21;317,1378
IXISR;2017-02-22;318,0883
IXISR;2017-02-23;317,4856
IXISR;2017-02-24;318,3978
IXISR;2017-02-27;317,5345
IXISR;2017-02-28;318,388
IXISR;2017-03-01;317,892
IXISR;2017-03-02;318,4761
IXISR;2017-03-03;318,4233
IXISR;2017-03-06;321,3098
IXISR;2017-03-07;321,0726
IXISR;2017-03-08;319,3404
IXISR;2017-03-09;320,2973
IXISR;2017-03-10;319,1904
IXISR;2017-03-13;319,4395
IXISR;2017-03-14;320,7379
IXISR;2017-03-15;319,975
IXISR;2017-03-16;327,7961
IXISR;2017-03-17;330,06
IXISR;2017-03-20;330,0813
IXISR;2017-03-21;330,3691
IXISR;2017-03-22;330,3224
IXISR;2017-03-23;332,8543
IXISR;2017-03-24;333,3246
IXISR;2017-03-27;330,5044
IXISR;2017-03-29;334,9092
IXISR;2017-03-30;334,8106
IXISR;2017-03-31;332,517
IXISR;2017-04-03;335,309
IXISR;2017-04-04;338,4116
IXISR;2017-04-05;340,0188
IXISR;2017-04-06;341,6829
IXISR;2017-04-07;338,5345
IXISR;2017-04-10;337,6688
IXISR;2017-04-11;336,0465
IXISR;2017-04-12;337,8669
IXISR;2017-04-13;334,7437
IXISR;2017-04-17;330,1843
IXISR;2017-04-18;333,1644
IXISR;2017-04-20;333,8941
IXISR;2017-04-21;340,8152
IXISR;2017-04-25;341,3133
IXISR;2017-04-26;345,5389
IXISR;2017-04-27;342,8515
IXISR;2017-04-28;341,2853
IXISR;2017-05-02;342,8537
IXISR;2017-05-03;341,3761
IXISR;2017-05-04;344,8599
IXISR;2017-05-05;344,687
IXISR;2017-05-08;347,5514
IXISR;2017-05-09;346,5968
IXISR;2017-05-10;345,3614
IXISR;2017-05-12;347,1389
IXISR;2017-05-15;349,5342
IXISR;2017-05-16;344,6191
IXISR;2017-05-17;341,5392
IXISR;2017-05-18;343,7832
IXISR;2017-05-19;355,3689
IXISR;2017-05-22;353,4545
IXISR;2017-05-23;351,7782
IXISR;2017-05-24;348,9222
IXISR;2017-05-26;350,5541
IXISR;2017-05-29;350,8303
IXISR;2017-05-30;348,077
IXISR;2017-05-31;349,7939
IXISR;2017-06-02;353,2705
IXISR;2017-06-05;354,3195
IXISR;2017-06-06;350,9464
IXISR;2017-06-07;352,4704
IXISR;2017-06-08;350,9224
IXISR;2017-06-09;348,011
IXISR;2017-06-12;349,5561
IXISR;2017-06-13;351,3129
IXISR;2017-06-14;357,2889
IXISR;2017-06-15;355,8837
IXISR;2017-06-16;352,2497
IXISR;2017-06-19;353,5634
IXISR;2017-06-20;358,1446
IXISR;2017-06-21;360,8775
IXISR;2017-06-22;360,47
IXISR;2017-07-03;368,7929
IXISR;2017-07-04;364,7643
IXISR;2017-07-05;362,6697
IXISR;2017-07-06;364,1847
IXISR;2017-07-07;362,4692
IXISR;2017-07-10;358,5579
IXISR;2017-07-11;358,998
IXISR;2017-07-12;361,9913
IXISR;2017-07-13;363,079
IXISR;2017-07-14;363,3497
IXISR;2017-07-17;363,6133
IXISR;2017-07-18;362,0877
IXISR;2017-07-19;359,9496
IXISR;2017-07-20;361,9535
IXISR;2017-07-21;356,6755
IXISR;2017-07-24;360,4192
IXISR;2017-07-25;361,534
IXISR;2017-07-26;361,2859
IXISR;2017-07-27;361,3301
IXISR;2017-07-28;361,8818
IXISR;2017-07-31;364,5089
IXISR;2017-08-01;363,0245
IXISR;2017-08-02;364,0757
IXISR;2017-08-03;359,5724
IXISR;2017-08-04;358,7699
IXISR;2017-08-07;358,1813
IXISR;2017-08-08;362,2633
IXISR;2017-08-09;364,2573
IXISR;2017-08-10;363,568
IXISR;2017-08-11;359,6782
IXISR;2017-08-14;362,0182
IXISR;2017-08-15;362,51
IXISR;2017-08-16;365,6965
IXISR;2017-08-18;364,3333
IXISR;2017-08-21;363,7061
IXISR;2017-08-22;365,7042
IXISR;2017-08-23;367,358
IXISR;2017-08-24;366,1071
IXISR;2017-08-25;367,1174
IXISR;2017-08-28;366,429
IXISR;2017-08-29;365,4936
IXISR;2017-08-30;365,6182
IXISR;2017-08-31;364,2541
IXISR;2017-09-04;360,8409
IXISR;2017-09-05;361,4936
IXISR;2017-09-06;360,4402
IXISR;2017-09-07;361,5581
IXISR;2017-09-08;363,4451
IXISR;2017-09-11;363,1738
IXISR;2017-09-12;363,2987
IXISR;2017-09-13;362,5846
IXISR;2017-09-14;361,7655
IXISR;2017-09-15;361,9879
IXISR;2017-09-18;362,1251
IXISR;2017-09-19;363,5387
IXISR;2017-09-20;363,3104
IXISR;2017-09-22;364,7211
IXISR;2017-09-25;363,4749
IXISR;2017-09-26;362,7155
IXISR;2017-09-27;362,5472
IXISR;2017-09-28;359,6058
IXISR;2017-09-29;364,9035
IXISR;2017-10-02;366,6018
IXISR;2017-10-03;369,1409
IXISR;2017-10-04;369,6015
IXISR;2017-10-05;366,1867
IXISR;2017-10-06;367,137
IXISR;2017-10-09;366,6202
IXISR;2017-10-10;365,729
IXISR;2017-10-11;364,0921
IXISR;2017-10-12;368,9084
IXISR;2017-10-13;369,739
IXISR;2017-10-16;370,5969
IXISR;2017-10-17;369,7512
IXISR;2017-10-18;367,4206
IXISR;2017-10-19;365,2759
IXISR;2017-10-20;367,3048
IXISR;2017-10-23;367,4388
IXISR;2017-10-24;365,4815
IXISR;2017-10-25;368,8415
IXISR;2017-10-26;367,3741
IXISR;2017-10-27;363,8978
IXISR;2017-10-30;365,116
IXISR;2017-10-31;366,4401
IXISR;2017-11-01;368,7407
IXISR;2017-11-02;370,7568
IXISR;2017-11-03;370,7107
IXISR;2017-11-06;371,8305
IXISR;2017-11-07;372,7528
IXISR;2017-11-08;371,4342
IXISR;2017-11-09;371,8969
IXISR;2017-11-10;369,8078
IXISR;2017-11-13;368,4569
IXISR;2017-11-14;366,215
IXISR;2017-11-15;366,1224
IXISR;2017-11-16;369,8608
IXISR;2017-11-17;373,7948
IXISR;2017-11-20;372,6597
IXISR;2017-11-21;371,6965
IXISR;2017-11-22;376,5224
IXISR;2017-11-23;376,3872
IXISR;2017-11-24;377,162
IXISR;2017-11-27;377,1774
IXISR;2017-11-28;377,4041
IXISR;2017-11-29;375,0128
IXISR;2017-11-30;366,1849
IXISR;2017-12-04;370,1326
IXISR;2017-12-05;371,734
IXISR;2017-12-06;375,2133
IXISR;2017-12-07;373,1153
IXISR;2017-12-08;374,6014
IXISR;2017-12-11;375,9832
IXISR;2017-12-12;375,5471
IXISR;2017-12-13;376,2071
IXISR;2017-12-14;379,9263
IXISR;2017-12-15;379,2405
IXISR;2017-12-18;380,1399
IXISR;2017-12-19;382,4317
IXISR;2017-12-20;378,2816
IXISR;2017-12-21;383,147
IXISR;2017-12-22;386,9437
IXISR;2017-12-27;391,358
IXISR;2017-12-28;394,6848
IXISR;2017-12-29;398,3969
IXISR;2018-01-02;396,2356
IXISR;2018-01-03;389,0875
IXISR;2018-01-04;391,6606
IXISR;2018-01-05;394,4852
IXISR;2018-01-08;396,5007
IXISR;2018-01-09;394,6324
IXISR;2018-01-10;394,5828
IXISR;2018-01-11;396,1983
IXISR;2018-01-12;394,2748
IXISR;2018-01-15;395,8803
IXISR;2018-01-16;400,3428
IXISR;2018-01-17;400,0835
IXISR;2018-01-18;400,2948
IXISR;2018-01-19;399,7403
IXISR;2018-01-22;399,4973
IXISR;2018-01-23;408,6805
IXISR;2018-01-24;407,834
IXISR;2018-01-25;405,4353
IXISR;2018-01-26;408,7391
IXISR;2018-01-29;407,5933
IXISR;2018-01-30;400,056
IXISR;2018-01-31;402,1004
IXISR;2018-02-01;403,5599
IXISR;2018-02-02;406,7433
IXISR;2018-02-05;404,4508
IXISR;2018-02-06;398,0478
IXISR;2018-02-07;402,467
IXISR;2018-02-08;404,089
IXISR;2018-02-09;401,7035
IXISR;2018-02-12;402,5875
IXISR;2018-02-13;406,8963
IXISR;2018-02-14;407,3027
IXISR;2018-02-15;405,4434
IXISR;2018-02-19;412,5676
IXISR;2018-02-20;412,3671
IXISR;2018-02-21;410,8706
IXISR;2018-02-22;405,4949
IXISR;2018-02-23;407,6602
IXISR;2018-02-26;401,7675
IXISR;2018-02-27;404,1733
IXISR;2018-02-28;401,4304
IXISR;2018-03-01;402,8792
IXISR;2018-03-02;402,1923
IXISR;2018-03-05;399,1292
IXISR;2018-03-06;394,2488
IXISR;2018-03-07;386,9948
IXISR;2018-03-08;394,9322
IXISR;2018-03-09;393,1764
IXISR;2018-03-12;397,8936
IXISR;2018-03-13;393,0966
IXISR;2018-03-14;390,6876
IXISR;2018-03-15;384,9317
IXISR;2018-03-16;382,5485
IXISR;2018-03-19;383,0529
IXISR;2018-03-20;380,5031
IXISR;2018-03-21;385,4267
IXISR;2018-03-22;380,5804
IXISR;2018-03-23;378,6942
IXISR;2018-03-26;376,6048
IXISR;2018-03-27;376,3728
IXISR;2018-03-28;371,872
IXISR;2018-03-29;375,3705
IXISR;2018-04-02;381,3747
IXISR;2018-04-03;381,0714
IXISR;2018-04-04;375,2423
IXISR;2018-04-05;376,3859
IXISR;2018-04-06;374,8739
IXISR;2018-04-09;380,6214
IXISR;2018-04-10;387,1548
IXISR;2018-04-11;389,615
IXISR;2018-04-12;385,4658
IXISR;2018-04-13;381,0809
IXISR;2018-04-16;382,8318
IXISR;2018-04-17;382,9262
IXISR;2018-04-18;385,5928
IXISR;2018-04-19;386,9977
IXISR;2018-04-20;386,1413
IXISR;2018-04-23;383,2239
IXISR;2018-04-24;376,5512
IXISR;2018-04-25;362,8414
IXISR;2018-04-26;351,7727
IXISR;2018-04-27;355,8005
IXISR;2018-04-30;360,7138
IXISR;2018-05-02;363,786
IXISR;2018-05-03;353,8847
IXISR;2018-05-04;348,9143
IXISR;2018-05-07;353,1854
IXISR;2018-05-08;348,8409
IXISR;2018-05-09;361,8577
IXISR;2018-05-11;362,1233
IXISR;2018-05-14;361,4072
IXISR;2018-05-15;349,6355
IXISR;2018-05-16;349,4494
IXISR;2018-05-17;346,1167
IXISR;2018-05-18;343,8051
IXISR;2018-05-21;338,2897
IXISR;2018-05-22;340,7934
IXISR;2018-05-23;345,6782
IXISR;2018-05-24;358,2646
IXISR;2018-05-25;359,6531
IXISR;2018-05-28;367,0513
IXISR;2018-05-30;361,2731
IXISR;2018-05-31;355,6491
IXISR;2018-06-04;362,239
IXISR;2018-06-05;365,9893
IXISR;2018-06-06;365,1136
IXISR;2018-06-07;367,8243
IXISR;2018-06-08;355,4898
IXISR;2018-06-20;346,3066
IXISR;2018-06-21;340,9152
IXISR;2018-06-22;343,6202
IXISR;2018-06-25;344,5205
IXISR;2018-06-26;339,8636
IXISR;2018-06-27;338,0762
IXISR;2018-06-28;331,1548
IXISR;2018-06-29;341,6474
IXISR;2018-07-02;337,8397
IXISR;2018-07-03;329,4713
IXISR;2018-07-04;338,2608
IXISR;2018-07-05;338,4232
IXISR;2018-07-06;335,1712
IXISR;2018-07-09;344,71
IXISR;2018-07-10;348,3677
IXISR;2018-07-11;349,357
IXISR;2018-07-12;350,5452
IXISR;2018-07-13;352,5814
IXISR;2018-07-16;350,0934
IXISR;2018-07-17;345,8058
IXISR;2018-07-18;348,6834
IXISR;2018-07-19;347,1256
IXISR;2018-07-20;347,8811
IXISR;2018-07-23;352,133
IXISR;2018-07-24;353,2733
IXISR;2018-07-25;352,3602
IXISR;2018-07-26;352,4668
IXISR;2018-07-27;354,7135
IXISR;2018-07-30;356,2445
IXISR;2018-07-31;349,9523
IXISR;2018-08-01;359,6645
IXISR;2018-08-02;358,6988
IXISR;2018-08-03;359,8608
IXISR;2018-08-06;367,9848
IXISR;2018-08-07;364,7953
IXISR;2018-08-08;364,68
IXISR;2018-08-09;364,2607
IXISR;2018-08-10;365,0082
IXISR;2018-08-13;349,2125
IXISR;2018-08-14;343,7799
IXISR;2018-08-15;347,8408
IXISR;2018-08-16;344,591
IXISR;2018-08-20;352,008
IXISR;2018-08-21;353,3938
IXISR;2018-08-23;359,021
IXISR;2018-08-24;358,2858
IXISR;2018-08-27;365,23
IXISR;2018-08-28;365,4693
IXISR;2018-08-29;366,1175
IXISR;2018-08-30;362,5269
IXISR;2018-08-31;360,6702
IXISR;2018-09-03;357,7466
IXISR;2018-09-04;353,522
IXISR;2018-09-05;337,9669
IXISR;2018-09-06;344,65
IXISR;2018-09-07;351,6304
IXISR;2018-09-10;350,2095
IXISR;2018-09-12;344,9593
IXISR;2018-09-13;350,4995
IXISR;2018-09-14;356,5419
IXISR;2018-09-17;347,8348
IXISR;2018-09-18;347,8528
IXISR;2018-09-19;351,5139
IXISR;2018-09-20;356,2309
IXISR;2018-09-21;357,42
IXISR;2018-09-24;352,6767
IXISR;2018-09-25;351,9081
IXISR;2018-09-26;352,3252
IXISR;2018-09-27;355,8327
IXISR;2018-09-28;359,5371
IXISR;2018-10-01;358,9091
IXISR;2018-10-02;353,3636
IXISR;2018-10-03;352,5593
IXISR;2018-10-04;343,9546
IXISR;2018-10-05;340,6932
IXISR;2018-10-08;341,9106
IXISR;2018-10-09;345,5893
IXISR;2018-10-10;346,2843
IXISR;2018-10-11;337,2369
IXISR;2018-10-12;343,0592
IXISR;2018-10-15;343,9493
IXISR;2018-10-16;351,1016
IXISR;2018-10-17;354,8046
IXISR;2018-10-18;351,1079
IXISR;2018-10-19;350,4702
IXISR;2018-10-22;350,8413
IXISR;2018-10-23;348,2556
IXISR;2018-10-24;340,8236
IXISR;2018-10-25;345,3466
IXISR;2018-10-26;348,4429
IXISR;2018-10-29;345,7034
IXISR;2018-10-30;351,9221
IXISR;2018-10-31;358,1645
IXISR;2018-11-01;361,163
IXISR;2018-11-02;366,3244
IXISR;2018-11-05;366,0234
IXISR;2018-11-06;367,3616
IXISR;2018-11-07;368,5543
IXISR;2018-11-08;372,0017
IXISR;2018-11-09;365,7379
IXISR;2018-11-12;356,3446
IXISR;2018-11-13;361,7653
IXISR;2018-11-14;362,2219
IXISR;2018-11-15;371,3038
IXISR;2018-11-16;377,9371
IXISR;2018-11-19;378,0027
IXISR;2018-11-21;372,4377
IXISR;2018-11-22;377,3322
IXISR;2018-11-23;376,7534
IXISR;2018-11-26;377,7002
IXISR;2018-11-27;378,5409
IXISR;2018-11-28;374,0433
IXISR;2018-11-29;382,5503
IXISR;2018-11-30;378,1314
IXISR;2018-12-03;383,2945
IXISR;2018-12-04;387,3197
IXISR;2018-12-05;384,4534
IXISR;2018-12-06;382,6197
IXISR;2018-12-07;381,627
IXISR;2018-12-10;380,1109
IXISR;2018-12-11;377,614
IXISR;2018-12-12;379,4556
IXISR;2018-12-13;384,8853
IXISR;2018-12-14;383,7945
IXISR;2018-12-17;378,6383
IXISR;2018-12-18;378,7798
IXISR;2018-12-19;384,9967
IXISR;2018-12-20;382,0131
IXISR;2018-12-21;382,7427
IXISR;2018-12-26;379,1919
IXISR;2018-12-27;382,7887
IXISR;2018-12-28;382,2391
IXISR;2019-01-02;382,4893
IXISR;2019-01-03;384,0949
IXISR;2019-01-04;387,3991
IXISR;2019-01-07;389,0906
IXISR;2019-01-08;388,1121
IXISR;2019-01-09;388,6435
IXISR;2019-01-10;393,5966
IXISR;2019-01-11;394,4348
IXISR;2019-01-14;392,4768
IXISR;2019-01-15;397,0956
IXISR;2019-01-16;398,4564
IXISR;2019-01-17;400,8974
IXISR;2019-01-18;404,1552
IXISR;2019-01-21;404,0771
IXISR;2019-01-22;404,4291
IXISR;2019-01-23;400,5075
IXISR;2019-01-24;400,7894
IXISR;2019-01-25;401,8818
IXISR;2019-01-28;397,8969
IXISR;2019-01-29;396,4582
IXISR;2019-01-30;399,4567
IXISR;2019-01-31;405,8339
IXISR;2019-02-01;408,0725
IXISR;2019-02-04;400,2586
IXISR;2019-02-06;404,7349
IXISR;2019-02-07;404,3478
IXISR;2019-02-08;402,6528
IXISR;2019-02-11;401,3586
IXISR;2019-02-12;395,0013
IXISR;2019-02-13;392,2565
IXISR;2019-02-14;390,924
IXISR;2019-02-15;389,0954
IXISR;2019-02-18;397,8218
IXISR;2019-02-19;396,1745
IXISR;2019-02-20;397,0307
IXISR;2019-02-21;398,8675
IXISR;2019-02-22;396,2214
IXISR;2019-02-25;398,2576
IXISR;2019-02-26;400,0561
IXISR;2019-02-27;397,4895
IXISR;2019-02-28;390,7439
IXISR;2019-03-01;393,4721
IXISR;2019-03-04;392,4332
IXISR;2019-03-05;389,3628
IXISR;2019-03-06;390,5039
IXISR;2019-03-08;384,5793
IXISR;2019-03-11;385,1588
IXISR;2019-03-12;384,8901
IXISR;2019-03-13;385,4136
IXISR;2019-03-14;388,5338
IXISR;2019-03-15;392,503
IXISR;2019-03-18;397,1102
IXISR;2019-03-19;396,4914
IXISR;2019-03-20;397,0386
IXISR;2019-03-21;397,8649
IXISR;2019-03-22;399,6178
IXISR;2019-03-25;391,6922
IXISR;2019-03-26;396,2457
IXISR;2019-03-27;394,7432
IXISR;2019-03-28;399,1521
IXISR;2019-03-29;401,7441
IXISR;2019-04-01;400,0573
IXISR;2019-04-02;401,9384
IXISR;2019-04-04;407,8399
IXISR;2019-04-05;406,6809
IXISR;2019-04-08;405,1683
IXISR;2019-04-09;408,8489
IXISR;2019-04-10;408,6574
IXISR;2019-04-11;403,0364
IXISR;2019-04-12;402,5657
IXISR;2019-04-15;403,7139
IXISR;2019-04-16;407,2987
IXISR;2019-04-18;411,8941
IXISR;2019-04-22;406,2468
IXISR;2019-04-23;410,0444
IXISR;2019-04-24;408,9287
IXISR;2019-04-25;403,6042
IXISR;2019-04-26;406,5428
IXISR;2019-04-29;406,7985
IXISR;2019-04-30;408,0331
IXISR;2019-05-02;402,4578
IXISR;2019-05-03;398,5141
IXISR;2019-05-06;392,6739
IXISR;2019-05-07;396,8486
IXISR;2019-05-08;394,6913
IXISR;2019-05-09;385,8718
IXISR;2019-05-10;386,6335
IXISR;2019-05-13;382,8262
IXISR;2019-05-14;378,9084
IXISR;2019-05-15;372,1439
IXISR;2019-05-16;365,458
IXISR;2019-05-17;359,1677
IXISR;2019-05-20;367,1056
IXISR;2019-05-21;369,6432
IXISR;2019-05-22;368,6792
IXISR;2019-05-23;378,1821
IXISR;2019-05-24;382,1951
IXISR;2019-05-27;387,1845
IXISR;2019-05-28;379,4197
IXISR;2019-05-29;385,6327
IXISR;2019-05-31;395,9243
IXISR;2019-06-10;405,3968
IXISR;2019-06-11;404,9011
IXISR;2019-06-12;403,8159
IXISR;2019-06-13;403,3975
IXISR;2019-06-14;403,1555
IXISR;2019-06-17;400,0158
IXISR;2019-06-18;406,4018
IXISR;2019-06-19;412,1219
IXISR;2019-06-20;411,1162
IXISR;2019-06-21;409,8087
IXISR;2019-06-24;407,1924
IXISR;2019-06-25;408,9254
IXISR;2019-06-26;407,5937
IXISR;2019-06-27;411,7383
IXISR;2019-06-28;414,3285
IXISR;2019-07-01;417,2544
IXISR;2019-07-02;417,3775
IXISR;2019-07-03;416,2001
IXISR;2019-07-04;415,7261
IXISR;2019-07-05;413,7568
IXISR;2019-07-08;411,638
IXISR;2019-07-09;415,5003
IXISR;2019-07-10;417,5016
IXISR;2019-07-11;418,6171
IXISR;2019-07-12;416,2718
IXISR;2019-07-15;420,7432
IXISR;2019-07-16;419,504
IXISR;2019-07-17;418,328
IXISR;2019-07-18;417,0666
IXISR;2019-07-19;418,6896
IXISR;2019-07-22;418,0619
IXISR;2019-07-23;416,5738
IXISR;2019-07-24;414,5275
IXISR;2019-07-25;415,9923
IXISR;2019-07-26;411,2278
IXISR;2019-07-29;411,2592
IXISR;2019-07-30;415,0822
IXISR;2019-07-31;414,2051
IXISR;2019-08-01;413,2956
IXISR;2019-08-02;410,6665
IXISR;2019-08-05;397,8037
IXISR;2019-08-06;391,719
IXISR;2019-08-07;398,4412
IXISR;2019-08-08;402,631
IXISR;2019-08-09;403,1647
IXISR;2019-08-12;401,3362
IXISR;2019-08-13;398,4392
IXISR;2019-08-14;402,5994
IXISR;2019-08-15;399,4737
IXISR;2019-08-16;397,6582
IXISR;2019-08-19;398,5821
IXISR;2019-08-20;398,5912
IXISR;2019-08-21;394,3947
IXISR;2019-08-22;395,9509
IXISR;2019-08-23;397,2192
IXISR;2019-08-26;395,1987
IXISR;2019-08-27;399,3751
IXISR;2019-08-28;399,2809
IXISR;2019-08-29;399,4419
IXISR;2019-08-30;406,7929
IXISR;2019-09-02;401,6215
IXISR;2019-09-03;397,5785
IXISR;2019-09-04;396,6706
IXISR;2019-09-05;400,7639
IXISR;2019-09-06;400,1949
IXISR;2019-09-09;400,0756
IXISR;2019-09-10;401,2611
IXISR;2019-09-11;403,8837
IXISR;2019-09-12;400,0629
IXISR;2019-09-13;401,1908
IXISR;2019-09-16;398,866
IXISR;2019-09-17;399,9425
IXISR;2019-09-18;402,3702
IXISR;2019-09-19;399,0124
IXISR;2019-09-20;397,7526
IXISR;2019-09-23;398,2872
IXISR;2019-09-24;393,2673
IXISR;2019-09-25;392,4913
IXISR;2019-09-26;400,1411
IXISR;2019-09-27;397,7095
IXISR;2019-09-30;395,4999
IXISR;2019-10-01;391,8391
IXISR;2019-10-02;384,5351
IXISR;2019-10-03;381,3145
IXISR;2019-10-04;384,041
IXISR;2019-10-07;379,6469
IXISR;2019-10-08;382,6966
IXISR;2019-10-09;381,3265
IXISR;2019-10-10;380,9471
IXISR;2019-10-11;385,4245
IXISR;2019-10-14;387,5609
IXISR;2019-10-15;388,1252
IXISR;2019-10-16;390,4292
IXISR;2019-10-17;391,2811
IXISR;2019-10-18;393,5473
IXISR;2019-10-21;393,8527
IXISR;2019-10-22;396,636
IXISR;2019-10-23;400,2787
IXISR;2019-10-24;406,7712
IXISR;2019-10-25;399,2902
IXISR;2019-10-28;400,1904
IXISR;2019-10-29;402,488
IXISR;2019-10-30;402,8503
IXISR;2019-10-31;398,4306
IXISR;2019-11-01;396,1561
IXISR;2019-11-05;403,5065
IXISR;2019-11-06;396,711
IXISR;2019-11-07;392,5699
IXISR;2019-11-08;393,3885
IXISR;2019-11-11;393,0252
IXISR;2019-11-12;394,0643
IXISR;2019-11-13;390,1573
IXISR;2019-11-14;387,3586
IXISR;2019-11-15;390,6486
IXISR;2019-11-18;390,2737
IXISR;2019-11-19;394,9356
IXISR;2019-11-20;396,1932
IXISR;2019-11-21;394,1727
IXISR;2019-11-22;393,8623
IXISR;2019-11-25;388,8629
IXISR;2019-11-26;386,242
IXISR;2019-11-27;386,1616
IXISR;2019-11-28;381,4332
IXISR;2019-11-29;385,9942
IXISR;2019-12-02;394,0697
IXISR;2019-12-03;392,3531
IXISR;2019-12-04;390,6979
IXISR;2019-12-05;395,0562
IXISR;2019-12-06;397,2302
IXISR;2019-12-09;397,1599
IXISR;2019-12-10;396,2125
IXISR;2019-12-11;395,6388
IXISR;2019-12-12;392,6368
IXISR;2019-12-13;397,4236
IXISR;2019-12-16;398,5855
IXISR;2019-12-17;401,5308
IXISR;2019-12-18;407,111
IXISR;2019-12-19;402,7843
IXISR;2019-12-20;406,6219
IXISR;2019-12-23;408,2105
IXISR;2019-12-26;408,7841
IXISR;2019-12-27;409,9021
IXISR;2019-12-30;407,0104
IXISR;2020-01-02;407,2068
IXISR;2020-01-03;410,7593
IXISR;2020-01-06;406,0422
IXISR;2020-01-07;405,9998
IXISR;2020-01-08;402,3067
IXISR;2020-01-09;407,05
IXISR;2020-01-10;407,0839
IXISR;2020-01-13;411,0348
IXISR;2020-01-14;414,5144
IXISR;2020-01-15;411,2878
IXISR;2020-01-16;410,7722
IXISR;2020-01-17;412,3175
IXISR;2020-01-20;409,4866
IXISR;2020-01-21;410,3015
IXISR;2020-01-22;410,3614
IXISR;2020-01-23;411,3597
IXISR;2020-01-24;410,8455
IXISR;2020-01-27;404,9558
IXISR;2020-01-28;404,3515
IXISR;2020-01-29;404,7849
IXISR;2020-01-30;400,4633
IXISR;2020-01-31;389,0752
IXISR;2020-02-03;386,0779
IXISR;2020-02-04;391,2658
IXISR;2020-02-05;395,7259
IXISR;2020-02-06;395,7015
IXISR;2020-02-07;395,9562
IXISR;2020-02-10;393,7429
IXISR;2020-02-11;392,7549
IXISR;2020-02-12;390,1431
IXISR;2020-02-13;388,2754
IXISR;2020-02-14;387,3182
IXISR;2020-02-17;386,6752
IXISR;2020-02-18;386,1028
IXISR;2020-02-19;389,6751
IXISR;2020-02-20;391,2466
IXISR;2020-02-21;388,3588
IXISR;2020-02-24;382,1944
IXISR;2020-02-25;382,6468
IXISR;2020-02-26;376,5005
IXISR;2020-02-27;366,31
IXISR;2020-02-28;362,5994
IXISR;2020-03-02;354,6982
IXISR;2020-03-03;367,6559
IXISR;2020-03-04;379,0088
IXISR;2020-03-05;378,5471
IXISR;2020-03-06;365,3956
IXISR;2020-03-09;336,8091
IXISR;2020-03-10;344,9216
IXISR;2020-03-11;341,3762
IXISR;2020-03-12;323,1062
IXISR;2020-03-13;327,7981
IXISR;2020-03-16;309,9709
IXISR;2020-03-17;289,5929
IXISR;2020-03-18;278,1445
IXISR;2020-03-19;259,4055
IXISR;2020-03-20;263,2207
IXISR;2020-03-23;245,7335
IXISR;2020-03-24;238,2204
IXISR;2020-03-26;275,6078
IXISR;2020-03-27;293,7741
IXISR;2020-03-30;283,4066
IXISR;2020-03-31;291,5911
IXISR;2020-04-01;286,5197
IXISR;2020-04-02;288,7885
IXISR;2020-04-03;292,8351
IXISR;2020-04-06;305,7101
IXISR;2020-04-07;302,6449
IXISR;2020-04-08;291,6402
IXISR;2020-04-09;291,7639
IXISR;2020-04-13;288,1325
IXISR;2020-04-14;293,7081
IXISR;2020-04-15;286,2947
IXISR;2020-04-16;272,7708
IXISR;2020-04-17;285,8377
IXISR;2020-04-20;282,0476
IXISR;2020-04-21;276,3751
IXISR;2020-04-22;280,7199
IXISR;2020-04-23;282,1034
IXISR;2020-04-24;273,7495
IXISR;2020-04-27;276,065
IXISR;2020-04-28;275,6567
IXISR;2020-04-29;278,382
IXISR;2020-04-30;293,6202
IXISR;2020-05-04;285,2505
IXISR;2020-05-05;287,2628
IXISR;2020-05-06;286,6753
IXISR;2020-05-08;285,2957
IXISR;2020-05-11;288,3964
IXISR;2020-05-12;282,0994
IXISR;2020-05-13;280,1122
IXISR;2020-05-14;273,4455
IXISR;2020-05-15;270,0638
IXISR;2020-05-18;270,6361
IXISR;2020-05-19;273,8204
IXISR;2020-05-20;275,466
IXISR;2020-05-26;282,6758
IXISR;2020-05-27;283,6123
IXISR;2020-05-28;291,097
IXISR;2020-05-29;294,6176
IXISR;2020-06-02;305,7024
IXISR;2020-06-03;315,9698
IXISR;2020-06-04;313,8837
IXISR;2020-06-05;315,0909
IXISR;2020-06-08;326,5311
IXISR;2020-06-09;322,52
IXISR;2020-06-10;314,2959
IXISR;2020-06-11;307,7307
IXISR;2020-06-12;310,2804
IXISR;2020-06-15;304,7001
IXISR;2020-06-16;319,3443
IXISR;2020-06-17;318,2007
IXISR;2020-06-18;313,215
IXISR;2020-06-19;314,8083
IXISR;2020-06-22;312,1248
IXISR;2020-06-23;310,757
IXISR;2020-06-24;318,632
IXISR;2020-06-25;315,1663
IXISR;2020-06-26;314,3543
IXISR;2020-06-29;314,1873
IXISR;2020-06-30;314,0203
IXISR;2020-07-01;315,7653
IXISR;2020-07-02;320,3018
IXISR;2020-07-03;319,0698
IXISR;2020-07-06;320,2262
IXISR;2020-07-07;321,1877
IXISR;2020-07-08;330,9205
IXISR;2020-07-09;327,0142
IXISR;2020-07-10;325,9359
IXISR;2020-07-13;328,1773
IXISR;2020-07-14;329,5311
IXISR;2020-07-15;328,7623
IXISR;2020-07-16;330,1113
IXISR;2020-07-17;327,1915
IXISR;2020-07-20;325,1787
IXISR;2020-07-21;330,886
IXISR;2020-07-22;331,0392
IXISR;2020-07-23;333,5501
IXISR;2020-07-24;328,2704
IXISR;2020-07-27;332,3759
IXISR;2020-07-28;333,5948
IXISR;2020-07-29;331,2109
IXISR;2020-07-30;335,4497
IXISR;2020-08-03;324,3852
IXISR;2020-08-04;329,0694
IXISR;2020-08-05;333,5528
IXISR;2020-08-06;336,7685
IXISR;2020-08-07;335,1585
IXISR;2020-08-10;333,8432
IXISR;2020-08-11;336,801
IXISR;2020-08-12;343,3049
IXISR;2020-08-13;344,2704
IXISR;2020-08-14;345,7281
IXISR;2020-08-18;349,5758
IXISR;2020-08-19;348,1521
IXISR;2020-08-24;348,7314
IXISR;2020-08-25;355,0232
IXISR;2020-08-26;354,6326
IXISR;2020-08-27;357,6105
IXISR;2020-08-28;355,0304
IXISR;2020-08-31;344,0505
IXISR;2020-09-01;352,3536
IXISR;2020-09-02;352,3294
IXISR;2020-09-03;350,1988
IXISR;2020-09-04;346,8084
IXISR;2020-09-07;344,8247
IXISR;2020-09-08;345,7422
IXISR;2020-09-09;337,2085
IXISR;2020-09-10;317,1956
IXISR;2020-09-11;325,9566
IXISR;2020-09-14;335,7686
IXISR;2020-09-15;329,1328
IXISR;2020-09-16;324,4864
IXISR;2020-09-17;323,0318
IXISR;2020-09-18;322,3572
IXISR;2020-09-21;318,2386
IXISR;2020-09-22;312,189
IXISR;2020-09-23;311,4499
IXISR;2020-09-24;306,2519
IXISR;2020-09-25;315,4002
IXISR;2020-09-28;310,142
IXISR;2020-09-29;307,6625
IXISR;2020-09-30;305,1609
IXISR;2020-10-01;314,5407
IXISR;2020-10-02;310,6329
IXISR;2020-10-05;312,662
IXISR;2020-10-06;317,2847
IXISR;2020-10-07;317,3939
IXISR;2020-10-08;319,4628
IXISR;2020-10-09;320,1857
IXISR;2020-10-12;322,4216
IXISR;2020-10-13;324,8175
IXISR;2020-10-14;329,175
IXISR;2020-10-15;323,3024
IXISR;2020-10-16;322,9348
IXISR;2020-10-19;326,4352
IXISR;2020-10-20;324,8995
IXISR;2020-10-21;324,5208
IXISR;2020-10-22;324,7902
IXISR;2020-10-23;325,1769
IXISR;2020-10-26;327,5623
IXISR;2020-10-27;326,0135
IXISR;2020-11-02;325,156
IXISR;2020-11-03;328,3235
IXISR;2020-11-04;322,8515
IXISR;2020-11-05;337,8682
IXISR;2020-11-06;345,8872
IXISR;2020-11-09;347,6254
IXISR;2020-11-10;357,7671
IXISR;2020-11-11;364,9939
IXISR;2020-11-12;359,0329
IXISR;2020-11-13;359,0342
IXISR;2020-11-16;361,3564
IXISR;2020-11-17;364,6674
IXISR;2020-11-18;366,8448
IXISR;2020-11-19;367,0736
IXISR;2020-11-20;366,3933
IXISR;2020-11-23;371,8449
IXISR;2020-11-24;373,9029
IXISR;2020-11-25;371,8453
IXISR;2020-11-26;377,5745
IXISR;2020-11-27;375,7146
IXISR;2020-11-30;361,8266
IXISR;2020-12-01;371,0222
IXISR;2020-12-02;376,9134
IXISR;2020-12-03;376,6687
IXISR;2020-12-04;374,0554
IXISR;2020-12-07;381,7104
IXISR;2020-12-08;381,7104
IXISR;2020-12-10;380,3545
IXISR;2020-12-11;380,7373
IXISR;2020-12-14;383,8804
IXISR;2020-12-15;385,4627
IXISR;2020-12-16;393,741
IXISR;2020-12-17;394,0253
IXISR;2020-12-18;390,4689
IXISR;2020-12-21;391,1338
IXISR;2020-12-22;380,1583
IXISR;2020-12-23;378,7513
IXISR;2020-12-28;385,7951
IXISR;2020-12-29;382,185
IXISR;2020-12-30;379,2923
IXISR;2021-01-04;387,7616
IXISR;2021-01-05;389,9762
IXISR;2021-01-06;383,601
IXISR;2021-01-07;387,2286
IXISR;2021-01-08;394,9285
IXISR;2021-01-11;406,076
IXISR;2021-01-12;403,2836
IXISR;2021-01-13;403,5581
IXISR;2021-01-14;402,0086
IXISR;2021-01-15;396,4642
IXISR;2021-01-18;403,65
IXISR;2021-01-19;401,3782
IXISR;2021-01-20;408,9558
IXISR;2021-01-21;407,0179
IXISR;2021-01-22;401,5749
IXISR;2021-01-25;399,4814
IXISR;2021-01-26;391,1953
IXISR;2021-01-27;389,0721
IXISR;2021-01-28;382,8085
IXISR;2021-01-29;368,7912
IXISR;2021-02-01;379,5853
IXISR;2021-02-02;376,404
IXISR;2021-02-03;379,439
IXISR;2021-02-04;382,5626
IXISR;2021-02-05;383,738
IXISR;2021-02-08;383,9487
IXISR;2021-02-09;382,709
IXISR;2021-02-10;382,8277
IXISR;2021-02-11;383,0007
IXISR;2021-02-15;383,0919
IXISR;2021-02-16;383,9883
IXISR;2021-02-17;379,6298
IXISR;2021-02-18;376,2697
IXISR;2021-02-19;381,166
IXISR;2021-02-22;379,1892
IXISR;2021-02-23;382,6737
IXISR;2021-02-24;379,6614
IXISR;2021-02-25;378,9806
IXISR;2021-02-26;376,2259
IXISR;2021-03-01;387,5075
IXISR;2021-03-02;387,2912
IXISR;2021-03-03;387,3949
IXISR;2021-03-04;378,501
IXISR;2021-03-05;377,4385
IXISR;2021-03-08;375,967
IXISR;2021-03-09;369,9227
IXISR;2021-03-10;373,7843
IXISR;2021-03-12;377,1916
IXISR;2021-03-15;373,8739
IXISR;2021-03-16;374,2885
IXISR;2021-03-17;372,9003
IXISR;2021-03-18;380,072
IXISR;2021-03-19;380,9227
IXISR;2021-03-22;374,6346
IXISR;2021-03-23;374,1825
IXISR;2021-03-24;369,5363
IXISR;2021-03-25;368,5635
IXISR;2021-03-26;373,3681
IXISR;2021-03-29;371,0887
IXISR;2021-03-30;364,7163
IXISR;2021-03-31;358,9297
IXISR;2021-04-01;358,2509
IXISR;2021-04-05;354,8298
IXISR;2021-04-06;357,5868
IXISR;2021-04-07;359,4225
IXISR;2021-04-08;361,5481
IXISR;2021-04-09;362,8381
IXISR;2021-04-12;353,0781
IXISR;2021-04-13;351,4813
IXISR;2021-04-14;361,3303
IXISR;2021-04-15;362,0846
IXISR;2021-04-16;360,5055
IXISR;2021-04-19;359,9311
IXISR;2021-04-20;358,4341
IXISR;2021-04-21;354,1404
IXISR;2021-04-22;355,3144
IXISR;2021-04-23;359,4494
IXISR;2021-04-26;354,7175
IXISR;2021-04-27;355,4095
IXISR;2021-04-28;353,9838
IXISR;2021-04-29;357,0863
IXISR;2021-04-30;354,3005
IXISR;2021-05-03;351,2901
IXISR;2021-05-04;353,4591
IXISR;2021-05-05;354,5374
IXISR;2021-05-06;353,3058
IXISR;2021-05-07;350,0731
IXISR;2021-05-10;352,3149
IXISR;2021-05-11;350,4528
IXISR;2021-05-17;347,8116
IXISR;2021-05-18;345,8852
IXISR;2021-05-19;340,764
IXISR;2021-05-20;344,3478
IXISR;2021-05-21;343,3598
IXISR;2021-05-24;344,2613
IXISR;2021-05-25;346,7642
IXISR;2021-05-27;344,3642
IXISR;2021-05-28;346,5208
IXISR;2021-05-31;355,0411
IXISR;2021-06-02;359,6006
IXISR;2021-06-03;365,1534
IXISR;2021-06-04;361,7425
IXISR;2021-06-07;359,615
IXISR;2021-06-08;355,2749
IXISR;2021-06-09;358,1675
IXISR;2021-06-10;362,0626
IXISR;2021-06-11;359,9046
IXISR;2021-06-14;357,3756
IXISR;2021-06-15;356,096
IXISR;2021-06-16;351,3932
IXISR;2021-06-17;347,7004
IXISR;2021-06-18;342,9437
IXISR;2021-06-21;341,0657
IXISR;2021-06-22;344,3542
IXISR;2021-06-23;339,8291
IXISR;2021-06-24;338,3405
IXISR;2021-06-25;337,5733
IXISR;2021-06-28;329,875
IXISR;2021-06-29;330,5872
IXISR;2021-06-30;332,194
IXISR;2021-07-01;334,3395
IXISR;2021-07-02;335,4252
IXISR;2021-07-05;331,4333
IXISR;2021-07-06;330,3892
IXISR;2021-07-07;328,6316
IXISR;2021-07-08;328,4061
IXISR;2021-07-09;328,6277
IXISR;2021-07-12;330,6201
IXISR;2021-07-13;327,9344
IXISR;2021-07-14;324,459
IXISR;2021-07-15;331,2042
IXISR;2021-07-16;333,5051
IXISR;2021-07-19;329,7671
IXISR;2021-07-21;332,2218
IXISR;2021-07-22;338,5242
IXISR;2021-07-23;333,2168
IXISR;2021-07-26;329,9631
IXISR;2021-07-27;329,1325
IXISR;2021-07-28;325,8575
IXISR;2021-07-29;325,8709
IXISR;2021-07-30;322,4652
IXISR;2021-08-02;325,2251
IXISR;2021-08-03;329,7085
IXISR;2021-08-04;331,3486
IXISR;2021-08-05;338,3265
IXISR;2021-08-06;333,5974
IXISR;2021-08-09;329,0661
IXISR;2021-08-10;330,3974
IXISR;2021-08-12;334,1915
IXISR;2021-08-13;337,1895
IXISR;2021-08-16;338,5568
IXISR;2021-08-18;346,7357
IXISR;2021-08-19;339,6672
IXISR;2021-08-20;340,8714
IXISR;2021-08-23;342,8002
IXISR;2021-08-24;339,8651
IXISR;2021-08-25;341,3238
IXISR;2021-08-26;338,1774
IXISR;2021-08-27;336,3946
IXISR;2021-08-30;343,5818
IXISR;2021-08-31;343,0585
IXISR;2021-09-01;340,7923
IXISR;2021-09-02;341,8367
IXISR;2021-09-03;347,0586
IXISR;2021-09-06;347,1662
IXISR;2021-09-07;347,1908
IXISR;2021-09-08;340,7123
IXISR;2021-09-09;345,6218
IXISR;2021-09-10;343,8987
IXISR;2021-09-13;342,4225
IXISR;2021-09-14;344,1388
IXISR;2021-09-15;342,5485
IXISR;2021-09-16;341,1413
IXISR;2021-09-17;340,8133
IXISR;2021-09-20;338,7684
IXISR;2021-09-21;336,5371
IXISR;2021-09-22;341,0899
IXISR;2021-09-23;343,3723
IXISR;2021-09-24;343,7145
IXISR;2021-09-27;341,2624
IXISR;2021-09-28;339,9652
IXISR;2021-09-29;345,0944
IXISR;2021-09-30;356,5937
IXISR;2021-10-01;353,7948
IXISR;2021-10-04;363,6089
IXISR;2021-10-05;362,2008
IXISR;2021-10-06;374,786
IXISR;2021-10-07;375,2148
IXISR;2021-10-08;381,5231
IXISR;2021-10-11;381,7341
IXISR;2021-10-12;384,9493
IXISR;2021-10-13;393,4231
IXISR;2021-10-14;398,0907
IXISR;2021-10-15;397,4037
IXISR;2021-10-18;398,6327
IXISR;2021-10-19;398,5329
IXISR;2021-10-21;395,7664
IXISR;2021-10-22;397,4705
IXISR;2021-10-25;391,7138
IXISR;2021-10-26;394,4709
IXISR;2021-10-27;390,1461
IXISR;2021-10-28;385,5804
IXISR;2021-10-29;389,2699
IXISR;2021-11-01;385,9704
IXISR;2021-11-02;381,9647
IXISR;2021-11-03;386,8938
IXISR;2021-11-04;388,0412
IXISR;2021-11-05;387,4479
IXISR;2021-11-08;388,23
IXISR;2021-11-09;388,0635
IXISR;2021-11-10;390,5867
IXISR;2021-11-11;391,2946
IXISR;2021-11-12;387,396
IXISR;2021-11-15;384,044
IXISR;2021-11-16;386,1358
IXISR;2021-11-17;388,8146
IXISR;2021-11-18;385,7692
IXISR;2021-11-19;393,3979
IXISR;2021-11-22;394,4759
IXISR;2021-11-23;391,4169
IXISR;2021-11-24;391,2797
IXISR;2021-11-25;395,2535
IXISR;2021-11-26;386,1916
IXISR;2021-11-29;390,2734
IXISR;2021-11-30;381,4466
IXISR;2021-12-01;381,532
IXISR;2021-12-02;390,0085
IXISR;2021-12-03;385,3058
IXISR;2021-12-06;386,1148
IXISR;2021-12-07;391,9045
IXISR;2021-12-08;388,0469
IXISR;2021-12-09;391,4212
IXISR;2021-12-10;389,4267
IXISR;2021-12-13;386,55
IXISR;2021-12-14;385,9974
IXISR;2021-12-15;388,0929
IXISR;2021-12-16;384,6283
IXISR;2021-12-17;384,8246
IXISR;2021-12-20;381,0588
IXISR;2021-12-21;382,5165
IXISR;2021-12-22;378,5311
IXISR;2021-12-23;381,55
IXISR;2021-12-24;380,1669
IXISR;2021-12-27;380,376
IXISR;2021-12-28;381,7327
IXISR;2021-12-29;381,4043
IXISR;2021-12-30;379,9922
IXISR;2022-01-03;384,0045
IXISR;2022-01-04;386,2326
IXISR;2022-01-05;381,8651
IXISR;2022-01-06;382,8969
IXISR;2022-01-07;387,1041
IXISR;2022-01-10;384,8631
IXISR;2022-01-11;384,3791
IXISR;2022-01-12;386,7025
IXISR;2022-01-13;389,2339
IXISR;2022-01-14;390,7416
IXISR;2022-01-17;389,1886
IXISR;2022-01-18;388,8549
IXISR;2022-01-19;385,3893
IXISR;2022-01-20;386,2089
IXISR;2022-01-21;392,9307
IXISR;2022-01-24;389,2256
IXISR;2022-01-25;385,1981
IXISR;2022-01-26;389,4095
IXISR;2022-01-27;389,1981
IXISR;2022-01-28;390,8922
IXISR;2022-01-31;385,3397
IXISR;2022-02-02;387,3498
IXISR;2022-02-03;387,803
IXISR;2022-02-04;389,7053
IXISR;2022-02-07;394,8394
IXISR;2022-02-08;394,5068
IXISR;2022-02-09;398,2746
IXISR;2022-02-10;399,3407
IXISR;2022-02-11;399,7263
IXISR;2022-02-14;396,2647
IXISR;2022-02-15;402,0839
IXISR;2022-02-16;402,2247
IXISR;2022-02-17;401,4032
IXISR;2022-02-18;403,3034
IXISR;2022-02-21;402,8645
IXISR;2022-02-22;400,2129
IXISR;2022-02-23;404,4058
IXISR;2022-02-24;399,3313
IXISR;2022-02-25;405,2899
IXISR;2022-03-01;403,9939
IXISR;2022-03-02;399,5849
IXISR;2022-03-04;404,4249
IXISR;2022-03-07;401,488
IXISR;2022-03-08;403,4351
IXISR;2022-03-09;407,0972
IXISR;2022-03-10;408,2434
IXISR;2022-03-11;411,8346
IXISR;2022-03-14;414,8125
IXISR;2022-03-15;415,29
IXISR;2022-03-16;420,4583
IXISR;2022-03-17;416,9133
IXISR;2022-03-18;415,9605
IXISR;2022-03-21;417,3438
IXISR;2022-03-22;419,3155
IXISR;2022-03-23;419,8273
IXISR;2022-03-24;425,2912
IXISR;2022-03-25;422,1828
IXISR;2022-03-28;427,6231
IXISR;2022-03-29;424,332
IXISR;2022-03-30;426,3939
IXISR;2022-03-31;424,7139
IXISR;2022-04-01;426,2923
IXISR;2022-04-04;427,7566
IXISR;2022-04-05;427,7373
IXISR;2022-04-06;421,9078
IXISR;2022-04-07;423,3495
IXISR;2022-04-08;426,857
IXISR;2022-04-11;422,474
IXISR;2022-04-12;425,2742
IXISR;2022-04-13;427,4275
IXISR;2022-04-14;424,3371
IXISR;2022-04-18;426,1797
IXISR;2022-04-19;424,4353
IXISR;2022-04-20;431,3539
IXISR;2022-04-21;438,444
IXISR;2022-04-22;437,2077
IXISR;2022-04-25;440,9021
IXISR;2022-04-26;448,154
IXISR;2022-04-27;445,5884
IXISR;2022-04-28;453,4042
IXISR;2022-05-09;428,562
IXISR;2022-05-10;428,6058
IXISR;2022-05-11;429,5606
IXISR;2022-05-12;417,7192
IXISR;2022-05-13;419,4247
IXISR;2022-05-17;422,6208
IXISR;2022-05-18;428,0772
IXISR;2022-05-19;424,6813
IXISR;2022-05-20;426,6944
IXISR;2022-05-23;421,4557
IXISR;2022-05-24;427,272
IXISR;2022-05-25;425,391
IXISR;2022-05-27;435,3498
IXISR;2022-05-30;434,8596
IXISR;2022-05-31;445,1493
IXISR;2022-06-02;437,066
IXISR;2022-06-03;438,1409
IXISR;2022-06-06;435,9282
IXISR;2022-06-07;434,4218
IXISR;2022-06-08;439,3765
IXISR;2022-06-09;436,4696
IXISR;2022-06-10;427,4297
IXISR;2022-06-13;424,6769
IXISR;2022-06-14;427,8636
IXISR;2022-06-15;424,8894
IXISR;2022-06-16;428,7662
IXISR;2022-06-17;425,0976
IXISR;2022-06-20;427,1348
IXISR;2022-06-21;429,2126
IXISR;2022-06-22;423,7458
IXISR;2022-06-23;427,0187
IXISR;2022-06-24;427,2616
IXISR;2022-06-27;422,4824
IXISR;2022-06-28;421,8719
IXISR;2022-06-29;415,3987
IXISR;2022-06-30;412,7386
IXISR;2022-07-01;407,8963
IXISR;2022-07-04;400,2242
IXISR;2022-07-05;404,8631
IXISR;2022-07-06;402,1771
IXISR;2022-07-07;398,4982
IXISR;2022-07-08;402,069
IXISR;2022-07-11;401,0007
IXISR;2022-07-12;400,3738
IXISR;2022-07-13;393,5431
IXISR;2022-07-14;399,2607
IXISR;2022-07-15;397,6502
IXISR;2022-07-18;402,9324
IXISR;2022-07-19;404,5357
IXISR;2022-07-20;416,7369
IXISR;2022-07-21;417,1471
IXISR;2022-07-22;414,6062
IXISR;2022-07-25;413,3824
IXISR;2022-07-26;416,2676
IXISR;2022-07-27;417,9696
IXISR;2022-07-28;417,2088
IXISR;2022-07-29;420,2124
IXISR;2022-08-01;422,2641
IXISR;2022-08-02;427,8735
IXISR;2022-08-03;430,6022
IXISR;2022-08-04;432,2176
IXISR;2022-08-05;434,7903
IXISR;2022-08-08;437,9503
IXISR;2022-08-09;439,0096
IXISR;2022-08-10;438,1171
IXISR;2022-08-11;439,2515
IXISR;2022-08-12;438,484
IXISR;2022-08-15;435,811
IXISR;2022-08-16;436,4761
IXISR;2022-08-18;440,654
IXISR;2022-08-19;438,4604
IXISR;2022-08-22;438,7098
IXISR;2022-08-23;440,4216
IXISR;2022-08-24;442,7925
IXISR;2022-08-25;439,8462
IXISR;2022-08-26;436,794
IXISR;2022-08-29;438,0648
IXISR;2022-08-30;439,1598
IXISR;2022-08-31;444,1088
IXISR;2022-09-01;443,844
IXISR;2022-09-02;446,3127
IXISR;2022-09-05;449,9964
IXISR;2022-09-06;448,4347
IXISR;2022-09-07;445,135
IXISR;2022-09-08;448,3267
IXISR;2022-09-09;451,2445
IXISR;2022-09-12;452,488
IXISR;2022-09-13;458,6247
IXISR;2022-09-14;455,9424
IXISR;2022-09-15;459,8511
IXISR;2022-09-16;451,4576
IXISR;2022-09-19;457,9565
IXISR;2022-09-20;455,6738
IXISR;2022-09-21;456,2149
IXISR;2022-09-22;456,9394
IXISR;2022-09-23;452,991
IXISR;2022-09-26;453,096
IXISR;2022-09-27;452,6664
IXISR;2022-09-28;450,2328
IXISR;2022-09-29;448,9753
IXISR;2022-09-30;450,8347
IXISR;2022-10-03;449,2862
IXISR;2022-10-04;452,168
IXISR;2022-10-05;450,1563
IXISR;2022-10-06;448,5826
IXISR;2022-10-07;443,626
IXISR;2022-10-10;443,9944
IXISR;2022-10-11;442,8948
IXISR;2022-10-12;444,0165
IXISR;2022-10-13;442,2364
IXISR;2022-10-14;439,2924
IXISR;2022-10-17;442,1896
IXISR;2022-10-18;441,491
IXISR;2022-10-19;444,2277
IXISR;2022-10-20;453,2221
IXISR;2022-10-21;458,734
IXISR;2022-10-24;463,9112
IXISR;2022-10-25;462,8046
IXISR;2022-10-26;460,9719
IXISR;2022-10-27;464,0534
IXISR;2022-10-28;464,1106
IXISR;2022-10-31;467,5873
IXISR;2022-11-01;466,4218
IXISR;2022-11-02;458,0171
IXISR;2022-11-03;458,196
IXISR;2022-11-04;460,0597
IXISR;2022-11-07;464,3653
IXISR;2022-11-08;459,9531
IXISR;2022-11-09;460,986
IXISR;2022-11-10;456,0726
IXISR;2022-11-11;460,2695
IXISR;2022-11-14;454,0371
IXISR;2022-11-15;454,1225
IXISR;2022-11-16;448,8692
IXISR;2022-11-17;451,8445
IXISR;2022-11-18;453,2753
IXISR;2022-11-21;452,7473
IXISR;2022-11-22;452,7008
IXISR;2022-11-23;454,3646
IXISR;2022-11-24;457,7188
IXISR;2022-11-25;457,8306
IXISR;2022-11-28;458,4659
IXISR;2022-11-29;459,4894
IXISR;2022-11-30;468,0034
IXISR;2022-12-01;463,0822
IXISR;2022-12-02;462,35
IXISR;2022-12-05;462,35
IXISR;2022-12-06;451,142
IXISR;2022-12-07;443,9667
IXISR;2022-12-08;444,7031
IXISR;2022-12-09;441,0941
IXISR;2022-12-12;444,69
IXISR;2022-12-13;448,1472
IXISR;2022-12-14;447,8947
IXISR;2022-12-15;443,1932
IXISR;2022-12-16;448,3226
IXISR;2022-12-19;446,7484
IXISR;2022-12-20;444,8973
IXISR;2022-12-21;445,8487
IXISR;2022-12-22;445,6627
IXISR;2022-12-23;442,5859
IXISR;2022-12-26;444,2836
IXISR;2022-12-27;443,5595
IXISR;2022-12-28;440,97
IXISR;2022-12-29;442,8723
IXISR;2022-12-30;442,3348
IXISR;2023-01-02;441,6439
IXISR;2023-01-03;443,2695
IXISR;2023-01-04;439,0758
IXISR;2023-01-05;430,6976
IXISR;2023-01-06;430,9343
IXISR;2023-01-09;432,491
IXISR;2023-01-10;424,1768
IXISR;2023-01-11;420,3489
IXISR;2023-01-12;425,663
IXISR;2023-01-13;423,8642
IXISR;2023-01-16;428,8846
IXISR;2023-01-17;435,7761
IXISR;2023-01-18;435,5815
IXISR;2023-01-19;439,4551
IXISR;2023-01-20;441,7299
IXISR;2023-01-24;439,6248
IXISR;2023-01-25;436,881
IXISR;2023-01-26;442,8613
IXISR;2023-01-27;446,4573
IXISR;2023-01-30;445,3596
IXISR;2023-01-31;440,6418
IXISR;2023-02-01;441,6369
IXISR;2023-02-02;440,9219
IXISR;2023-02-03;446,5572
IXISR;2023-02-06;445,8968
IXISR;2023-02-07;448,9929
IXISR;2023-02-08;450,884
IXISR;2023-02-09;449,7117
IXISR;2023-02-10;452,0011
IXISR;2023-02-13;450,2356
IXISR;2023-02-14;453,1741
IXISR;2023-02-15;450,4456
IXISR;2023-02-16;447,2139
IXISR;2023-02-17;447,2366
IXISR;2023-02-20;447,7144
IXISR;2023-02-21;445,3297
IXISR;2023-02-22;441,6596
IXISR;2023-02-23;445,7453
IXISR;2023-02-24;447,0241
IXISR;2023-02-27;446,7725
IXISR;2023-02-28;444,4639
IXISR;2023-03-01;445,6095
IXISR;2023-03-02;446,6026
IXISR;2023-03-03;442,6313
IXISR;2023-03-06;442,8841
IXISR;2023-03-07;442,2986
IXISR;2023-03-08;444,0589
IXISR;2023-03-09;447,1242
IXISR;2023-03-10;445,195
IXISR;2023-03-13;446,7001
IXISR;2023-03-14;436,646
IXISR;2023-03-15;435,1605
IXISR;2023-03-16;434,8673
IXISR;2023-03-17;442,4522
IXISR;2023-03-20;439,8245
IXISR;2023-03-21;447,6192
IXISR;2023-03-24;455,482
IXISR;2023-03-27;451,8993
IXISR;2023-03-28;452,9981
IXISR;2023-03-29;460,4348
IXISR;2023-03-30;458,2936
IXISR;2023-03-31;457,5335
IXISR;2023-04-03;459,9811
IXISR;2023-04-04;460,1582
IXISR;2023-04-05;460,2931
IXISR;2023-04-06;460,9826
IXISR;2023-04-10;462,0822
IXISR;2023-04-11;464,2774
IXISR;2023-04-12;467,5862
IXISR;2023-04-13;468,3024
IXISR;2023-04-14;471,2347
IXISR;2023-04-17;467,917
IXISR;2023-04-18;470,6695
IXISR;2023-04-26;478,178
IXISR;2023-04-27;478,3646
IXISR;2023-04-28;478,3345
IXISR;2023-05-02;476,0515
IXISR;2023-05-03;472,1562
IXISR;2023-05-04;472,5186
IXISR;2023-05-05;474,4468
IXISR;2023-05-08;470,4828
IXISR;2023-05-09;471,4043
IXISR;2023-05-10;473,2353
IXISR;2023-05-11;470,9214
IXISR;2023-05-12;466,5414
IXISR;2023-05-15;467,9023
IXISR;2023-05-16;466,7253
IXISR;2023-05-17;467,2102
IXISR;2023-05-19;474,3062
IXISR;2023-05-22;478,3676
IXISR;2023-05-23;479,6221
IXISR;2023-05-24;481,421
IXISR;2023-05-25;480,0143
IXISR;2023-05-26;481,5998
IXISR;2023-05-29;483,9529
IXISR;2023-05-30;481,089
IXISR;2023-05-31;476,4702
IXISR;2023-06-05;480,1462
IXISR;2023-06-06;480,4468
IXISR;2023-06-07;480,3873
IXISR;2023-06-08;481,8568
IXISR;2023-06-09;482,3812
IXISR;2023-06-12;484,4388
IXISR;2023-06-13;484,5068
IXISR;2023-06-14;483,301
IXISR;2023-06-15;485,3753
IXISR;2023-06-16;483,8989
IXISR;2023-06-19;482,9047
IXISR;2023-06-20;482,3152
IXISR;2023-06-21;484,8409
IXISR;2023-06-22;479,5956
IXISR;2023-06-23;479,2301
IXISR;2023-06-26;482,0988
IXISR;2023-06-27;483,5328
IXISR;2023-07-03;486,0302
IXISR;2023-07-04;482,8239
IXISR;2023-07-05;484,5333
IXISR;2023-07-06;484,9135
IXISR;2023-07-07;481,9879
IXISR;2023-07-10;482,315
IXISR;2023-07-11;485,7319
IXISR;2023-07-12;486,518
IXISR;2023-07-13;486,7969
IXISR;2023-07-14;489,8064
IXISR;2023-07-17;488,1001
IXISR;2023-07-18;486,2594
IXISR;2023-07-20;487,9972
IXISR;2023-07-21;488,7526
IXISR;2023-07-24;488,9537
IXISR;2023-07-25;488,9931
IXISR;2023-07-26;491,6514
IXISR;2023-07-27;486,4865
IXISR;2023-07-28;488,9341
IXISR;2023-07-31;491,5219
IXISR;2023-08-01;489,0034
IXISR;2023-08-02;489,1235
IXISR;2023-08-03;493,6027
IXISR;2023-08-04;489,9531
IXISR;2023-08-07;493,7166
IXISR;2023-08-08;492,6068
IXISR;2023-08-09;496,6402
IXISR;2023-08-10;497,2583
IXISR;2023-08-11;496,0863
IXISR;2023-08-14;497,7331
IXISR;2023-08-15;492,8302
IXISR;2023-08-16;493,0051
IXISR;2023-08-18;488,3833
IXISR;2023-08-21;486,5883
IXISR;2023-08-22;491,3082
IXISR;2023-08-23;490,0072
IXISR;2023-08-24;488,5345
IXISR;2023-08-25;488,8547
IXISR;2023-08-28;488,3844
IXISR;2023-08-29;489,8834
IXISR;2023-08-30;490,5687
IXISR;2023-08-31;488,969
IXISR;2023-09-01;490,4363
IXISR;2023-09-04;492,8878
IXISR;2023-09-05;493,9016
IXISR;2023-09-06;492,0053
IXISR;2023-09-07;486,2689
IXISR;2023-09-08;483,2446
IXISR;2023-09-11;486,4836
IXISR;2023-09-12;483,1934
IXISR;2023-09-13;482,8332
IXISR;2023-09-14;482,2765
IXISR;2023-09-15;482,9213
IXISR;2023-09-18;479,6174
IXISR;2023-09-19;484,1903
IXISR;2023-09-20;487,3879
IXISR;2023-09-21;486,0294
IXISR;2023-09-22;487,2898
IXISR;2023-09-25;484,94
IXISR;2023-09-26;480,9033
IXISR;2023-09-27;480,6439
IXISR;2023-09-29;481,7152
IXISR;2023-10-02;485,027
IXISR;2023-10-03;485,4677
IXISR;2023-10-04;483,986
IXISR;2023-10-05;481,6952
IXISR;2023-10-06;482,2468
IXISR;2023-10-09;479,4336
IXISR;2023-10-10;480,8784
IXISR;2023-10-11;481,1349
IXISR;2023-10-12;484,8848
IXISR;2023-10-13;484,4497
IXISR;2023-10-16;481,315
IXISR;2023-10-17;480,9978
IXISR;2023-10-18;475,6702
IXISR;2023-10-19;467,9184
IXISR;2023-10-20;469,6876
IXISR;2023-10-23;462,6071
IXISR;2023-10-24;468,7016
IXISR;2023-10-25;470,2589
IXISR;2023-10-26;459,0452
IXISR;2023-10-27;459,624
IXISR;2023-10-30;458,2578
IXISR;2023-10-31;456,5334
IXISR;2023-11-01;453,9681
IXISR;2023-11-02;461,7048
IXISR;2023-11-03;462,4052
IXISR;2023-11-06;469,8081
IXISR;2023-11-07;466,0992
IXISR;2023-11-08;462,7182
IXISR;2023-11-09;462,8354
IXISR;2023-11-10;458,4665
IXISR;2023-11-13;457,5511
IXISR;2023-11-14;458,2691
IXISR;2023-11-15;465,5201
IXISR;2023-11-16;466,351
IXISR;2023-11-17;465,0793
IXISR;2023-11-20;465,1885
IXISR;2023-11-21;464,1975
IXISR;2023-11-22;464,2543
IXISR;2023-11-23;466,8092
IXISR;2023-11-24;467,6233
IXISR;2023-11-27;468,1543
IXISR;2023-11-28;468,6009
IXISR;2023-11-29;466,9714
IXISR;2023-11-30;469,2701
IXISR;2023-12-01;470,5204
IXISR;2023-12-04;473,4212
IXISR;2023-12-05;474,1992
IXISR;2023-12-06;471,8831
IXISR;2023-12-07;470,8873
IXISR;2023-12-08;467,0305
IXISR;2023-12-11;466,5854
IXISR;2023-12-12;466,2498
IXISR;2023-12-13;463,0483
IXISR;2023-12-14;474,5715
IXISR;2023-12-15;475,6118
IXISR;2023-12-18;473,6912
IXISR;2023-12-19;476,1399
IXISR;2023-12-20;475,1273
IXISR;2023-12-21;475,1046
IXISR;2023-12-22;477,9876
IXISR;2023-12-27;478,9753
IXISR;2023-12-28;483,9545
IXISR;2023-12-29;483,2007
IXISR;2024-01-02;486,2591
IXISR;2024-01-03;482,4475
IXISR;2024-01-04;490,9428
IXISR;2024-01-05;490,2098
IXISR;2024-01-08;487,5614
IXISR;2024-01-09;491,038
IXISR;2024-01-10;491,8507
IXISR;2024-01-11;492,5191
IXISR;2024-01-12;497,0835
IXISR;2024-01-15;495,6652
IXISR;2024-01-16;495,2732
IXISR;2024-01-17;493,2425
IXISR;2024-01-18;491,5663
IXISR;2024-01-19;491,4855
IXISR;2024-01-22;490,6841
IXISR;2024-01-23;487,6201
IXISR;2024-01-24;486,6953
IXISR;2024-01-25;482,3761
IXISR;2024-01-26;480,1491
IXISR;2024-01-29;486,8054
IXISR;2024-01-30;490,852
IXISR;2024-01-31;491,9212
IXISR;2024-02-01;493,642
IXISR;2024-02-02;496,5708
IXISR;2024-02-05;494,9775
IXISR;2024-02-06;496,6809
IXISR;2024-02-07;497,3187
IXISR;2024-02-12;504,9342
IXISR;2024-02-13;500,6412
IXISR;2024-02-15;509,4971
IXISR;2024-02-16;511,9614
IXISR;2024-02-19;508,6129
IXISR;2024-02-20;515,843
IXISR;2024-02-21;515,1869
IXISR;2024-02-22;510,8074
IXISR;2024-02-23;507,8485
IXISR;2024-02-26;507,3311
IXISR;2024-02-27;506,5502
IXISR;2024-02-28;509,7412
IXISR;2024-02-29;506,7499
IXISR;2024-03-01;504,9408
IXISR;2024-03-04;501,775
IXISR;2024-03-05;500,7994
IXISR;2024-03-06;504,4865
IXISR;2024-03-07;505,651
IXISR;2024-03-08;507,7223
IXISR;2024-03-13;510,8742
IXISR;2024-03-14;516,1993
IXISR;2024-03-15;511,2677
IXISR;2024-03-18;508,7531
IXISR;2024-03-19;510,9265
IXISR;2024-03-20;515,0889
IXISR;2024-03-21;513,3758
IXISR;2024-03-22;514,8211
IXISR;2024-03-25;518,6723
IXISR;2024-03-26;515,4468
IXISR;2024-03-27;511,9843
IXISR;2024-03-28;510,4829
IXISR;2024-04-01;500,9585
IXISR;2024-04-02;496,916
IXISR;2024-04-03;488,0491
IXISR;2024-04-04;493,9723
IXISR;2024-04-05;490,56
IXISR;2024-04-16;474,0312
IXISR;2024-04-17;471,3507
IXISR;2024-04-18;475,613
IXISR;2024-04-19;467,6895
IXISR;2024-04-22;469,1271
IXISR;2024-04-23;470,0105
IXISR;2024-04-24;472,0305
IXISR;2024-04-25;470,0695
IXISR;2024-04-26;458,2466
IXISR;2024-04-29;464,3319
IXISR;2024-04-30;470,2969
IXISR;2024-05-02;452,0112
IXISR;2024-05-03;453,0336
IXISR;2024-05-06;453,1757
IXISR;2024-05-07;449,788
IXISR;2024-05-08;445,6019
IXISR;2024-05-13;446,2112
IXISR;2024-05-14;448,9204
IXISR;2024-05-15;453,1835
IXISR;2024-05-16;458,4469
IXISR;2024-05-17;464,0975
IXISR;2024-05-20;456,7557
IXISR;2024-05-21;447,583
IXISR;2024-05-22;449,6456
IXISR;2024-05-27;439,585
IXISR;2024-05-28;442,8802
IXISR;2024-05-29;434,2763
IXISR;2024-05-30;431,9799
IXISR;2024-05-31;431,7037
IXISR;2024-06-03;440,9393
IXISR;2024-06-04;444,3416
IXISR;2024-06-05;442,5118
IXISR;2024-06-06;448,7415
IXISR;2024-06-07;446,6613
IXISR;2024-06-10;445,9717
IXISR;2024-06-11;436,2306
IXISR;2024-06-12;433,8034
IXISR;2024-06-13;430,6745
IXISR;2024-06-14;421,0379
IXISR;2024-06-19;420,4154
IXISR;2024-06-20;429,766
IXISR;2024-06-21;440,3122
IXISR;2024-06-24;437,9179
IXISR;2024-06-25;436,2669
IXISR;2024-06-26;434,5003
IXISR;2024-06-27;442,3235
IXISR;2024-06-28;450,5488
IXISR;2024-07-01;452,1381
IXISR;2024-07-02;449,3565
IXISR;2024-07-03;451,5316
IXISR;2024-07-04;452,5952
IXISR;2024-07-05;457,289
IXISR;2024-07-08;459,0575
IXISR;2024-07-09;463,5985
IXISR;2024-07-10;463,8907
IXISR;2024-07-11;465,056
IXISR;2024-07-12;469,154
IXISR;2024-07-15;465,885
IXISR;2024-07-16;461,6121
IXISR;2024-07-17;466,8527
IXISR;2024-07-18;471,7026
IXISR;2024-07-19;470,7714
IXISR;2024-07-22;471,8722
IXISR;2024-07-23;470,079
IXISR;2024-07-24;465,3603
IXISR;2024-07-25;466,34
IXISR;2024-07-26;467,0608
IXISR;2024-07-29;464,3615
IXISR;2024-07-30;457,2533
IXISR;2024-07-31;459,277
IXISR;2024-08-01;466,708
IXISR;2024-08-02;464,5528
IXISR;2024-08-05;451,117
IXISR;2024-08-06;454,973
IXISR;2024-08-07;459,0168
IXISR;2024-08-08;461,1952
IXISR;2024-08-09;462,6579
IXISR;2024-08-12;465,4262
IXISR;2024-08-13;468,5077
IXISR;2024-08-14;472,1858
IXISR;2024-08-15;471,2639
IXISR;2024-08-16;476,1248
IXISR;2024-08-19;476,4774
IXISR;2024-08-20;483,3806
IXISR;2024-08-21;485,6212
IXISR;2024-08-22;479,4869
IXISR;2024-08-23;484,2929
IXISR;2024-08-26;488,4284
IXISR;2024-08-27;484,5403
IXISR;2024-08-28;487,0482
IXISR;2024-08-29;483,3135
IXISR;2024-08-30;485,3004
IXISR;2024-09-02;488,8588
IXISR;2024-09-03;484,9092
IXISR;2024-09-04;485,0897
IXISR;2024-09-05;486,0886
IXISR;2024-09-06;489,9021
IXISR;2024-09-09;489,1692
IXISR;2024-09-10;490,1524
IXISR;2024-09-11;489,8029
IXISR;2024-09-12;490,1411
IXISR;2024-09-13;492,1988
IXISR;2024-09-17;494,8288
IXISR;2024-09-18;497,983
IXISR;2024-09-19;502,271
IXISR;2024-09-20;500,168
IXISR;2024-09-23;506,1956
IXISR;2024-09-24;505,9832
IXISR;2024-09-25;500,83
IXISR;2024-09-26;495,4291
IXISR;2024-09-27;490,1766
IXISR;2024-09-30;480,2632
IXISR;2024-10-01;487,382
IXISR;2024-10-02;480,3571
IXISR;2024-10-03;480,4463
IXISR;2024-10-04;477,5788
IXISR;2024-10-07;475,221
IXISR;2024-10-08;484,1232
IXISR;2024-10-09;479,9235
IXISR;2024-10-10;478,8849
IXISR;2024-10-11;481,215
IXISR;2024-10-14;481,879
IXISR;2024-10-15;487,1015
IXISR;2024-10-16;488,0843
IXISR;2024-10-17;494,5081
IXISR;2024-10-18;498,0848
IXISR;2024-10-21;497,4602
IXISR;2024-10-22;492,1852
IXISR;2024-10-23;491,3326
IXISR;2024-10-24;487,2693
IXISR;2024-10-25;487,1964
IXISR;2024-10-28;481,6803
IXISR;2024-10-29;477,8558
IXISR;2024-10-30;473,8639
IXISR;2024-10-31;473,5335
IXISR;2024-11-01;468,1486
IXISR;2024-11-04;470,3169
IXISR;2024-11-05;474,1793
IXISR;2024-11-06;463,7575
IXISR;2024-11-07;459,4669
IXISR;2024-11-08;456,4934
IXISR;2024-11-11;452,4058
IXISR;2024-11-12;452,6677
IXISR;2024-11-13;452,4261
IXISR;2024-11-14;447,1365
IXISR;2024-11-15;446,7423
IXISR;2024-11-18;443,7693
IXISR;2024-11-19;448,4635
IXISR;2024-11-20;446,5414
IXISR;2024-11-21;443,5057
IXISR;2024-11-22;447,915
IXISR;2024-11-25;457,1725
IXISR;2024-11-26;451,4096
IXISR;2024-11-28;451,8213
IXISR;2024-11-29;445,8919
IXISR;2024-12-02;437,5731
IXISR;2024-12-03;449,8087
IXISR;2024-12-04;456,1333
IXISR;2024-12-05;449,9038
IXISR;2024-12-06;450,5798
IXISR;2024-12-09;457,9739
IXISR;2024-12-10;459,8591
IXISR;2024-12-11;462,3316
IXISR;2024-12-12;453,8804
IXISR;2024-12-13;448,1917
IXISR;2024-12-16;444,8814
IXISR;2024-12-17;434,248
IXISR;2024-12-18;430,0257
IXISR;2024-12-19;421,3685
IXISR;2024-12-20;419,5774
IXISR;2024-12-23;429,9797
IXISR;2024-12-24;430,8363
IXISR;2024-12-27;432,7226
IXISR;2024-12-30;431,2648
IXISR;2025-01-02;436,3897
IXISR;2025-01-03;434,8662
IXISR;2025-01-06;427,3083
IXISR;2025-01-07;420,7334
IXISR;2025-01-08;424,7597
IXISR;2025-01-09;423,6825
IXISR;2025-01-10;423,1187
IXISR;2025-01-13;417,8119
IXISR;2025-01-14;411,8074
IXISR;2025-01-15;426,2455
IXISR;2025-01-16;427,8279
IXISR;2025-01-17;429,2412
IXISR;2025-01-20;429,7546
IXISR;2025-01-21;433,2926
IXISR;2025-01-22;438,2704
IXISR;2025-01-23;436,1539
IXISR;2025-01-24;430,9157
IXISR;2025-01-30;426,5553
IXISR;2025-01-31;432,2299
IXISR;2025-02-03;426,316
IXISR;2025-02-04;424,6131
IXISR;2025-02-05;417,3648
IXISR;2025-02-06;405,2806
IXISR;2025-02-07;410,8855
IXISR;2025-02-10;401,8249
IXISR;2025-02-11;395,1189
IXISR;2025-02-12;403,7269
IXISR;2025-02-13;402,2149
IXISR;2025-02-14;406,2143
IXISR;2025-02-17;419,3506
IXISR;2025-02-18;424,117
IXISR;2025-02-19;414,4276
IXISR;2025-02-20;411,7613
IXISR;2025-02-21;407,5645
IXISR;2025-02-24;405,688
IXISR;2025-02-25;393,5184
IXISR;2025-02-26;395,0813
IXISR;2025-02-27;385,6468
IXISR;2025-02-28;368,6128
IXISR;2025-03-03;385,2004
IXISR;2025-03-04;382,3466
IXISR;2025-03-05;392,2568
IXISR;2025-03-06;396,0129
IXISR;2025-03-07;392,7193
IXISR;2025-03-10;388,0765
IXISR;2025-03-11;386,4455
IXISR;2025-03-12;394,6645
IXISR;2025-03-13;389,7528
IXISR;2025-03-14;384,7473
IXISR;2025-03-17;385,0953
IXISR;2025-03-18;374,7778
IXISR;2025-03-19;378,0609
IXISR;2025-03-20;375,4335
IXISR;2025-03-21;366,2283
IXISR;2025-03-24;365,052
IXISR;2025-03-25;374,6584
IXISR;2025-03-26;393,9406
IXISR;2025-03-27;394,4886
IXISR;2025-04-08;362,9806
IXISR;2025-04-09;364,8267
IXISR;2025-04-10;381,5168
IXISR;2025-04-11;384,1084
IXISR;2025-04-14;396,2525
IXISR;2025-04-15;399,1241
IXISR;2025-04-16;396,1899
IXISR;2025-04-17;397,1765
IXISR;2025-04-21;396,7453
IXISR;2025-04-22;399,5908
IXISR;2025-04-23;409,5057
IXISR;2025-04-24;407,9001
IXISR;2025-04-25;410,9992
IXISR;2025-04-28;413,1049
IXISR;2025-04-29;413,7534
IXISR;2025-04-30;418,0819
IXISR;2025-05-02;420,494
IXISR;2025-05-05;422,2733
IXISR;2025-05-06;423,6786
IXISR;2025-05-07;424,3157
IXISR;2025-05-08;418,192
IXISR;2025-05-09;419,9518
IXISR;2025-05-14;431,8226
IXISR;2025-05-15;441,5183
IXISR;2025-05-16;446,528
IXISR;2025-05-19;449,7197
IXISR;2025-05-20;443,4664
IXISR;2025-05-21;449,6983
IXISR;2025-05-22;450,4033
IXISR;2025-05-23;450,0476
IXISR;2025-05-26;452,8193
IXISR;2025-05-27;452,805
IXISR;2025-05-28;451,6089
IXISR;2025-06-02;441,4165
IXISR;2025-06-03;439,4473
IXISR;2025-06-04;438,5434
IXISR;2025-06-05;438,798
IXISR;2025-06-10;443,4398
IXISR;2025-06-11;442,02
IXISR;2025-06-12;440,6072
IXISR;2025-06-13;438,8402
IXISR;2025-06-16;437,2249
IXISR;2025-06-17;438,7833
IXISR;2025-06-18;435,0664
IXISR;2025-06-19;424,4374
IXISR;2025-06-20;420,4738
IXISR;2025-06-23;414,3318
IXISR;2025-06-24;420,5855
IXISR;2025-06-25;416,4636
IXISR;2025-06-26;419,8313
IXISR;2025-06-30;419,8698
IXISR;2025-07-01;416,5165
IXISR;2025-07-02;416,6133
IXISR;2025-07-03;418,5951
IXISR;2025-07-04;418,0094
IXISR;2025-07-07;417,8821
IXISR;2025-07-08;416,0269
IXISR;2025-07-09;418,3522
IXISR;2025-07-10;424,9828
IXISR;2025-07-11;429,968
IXISR;2025-07-14;422,9266
IXISR;2025-07-15;424,8798
IXISR;2025-07-16;426,1451
IXISR;2025-07-17;426,9952
IXISR;2025-07-18;425,1205
IXISR;2025-07-21;426,5983
IXISR;2025-07-22;422,4045
IXISR;2025-07-23;428,5276
IXISR;2025-07-24;435,2632
IXISR;2025-07-25;430,0483
IXISR;2025-07-28;433,6142
IXISR;2025-07-29;432,3903
IXISR;2025-07-30;429,0311
IXISR;2025-07-31;422,8795
IXISR;2025-08-01;424,0698
IXISR;2025-08-04;425,1321
IXISR;2025-08-05;431,3538
IXISR;2025-08-06;426,7431
IXISR;2025-08-07;428,2192
IXISR;2025-08-08;427,0558
IXISR;2025-08-11;433,4616
IXISR;2025-08-12;444,3107
IXISR;2025-08-13;447,6203
IXISR;2025-08-14;447,1935
IXISR;2025-08-15;443,9173
IXISR;2025-08-19;446,3289
IXISR;2025-08-20;452,5865
IXISR;2025-08-21;454,2795
IXISR;2025-08-22;452,7299
IXISR;2025-08-25;458,1633
IXISR;2025-08-26;453,9832
IXISR;2025-08-27;449,3327
IXISR;2025-08-28;450,336
IXISR;2025-08-29;441,6917
IXISR;2025-09-01;437,2715
IXISR;2025-09-02;440,2869
IXISR;2025-09-03;445,0219
IXISR;2025-09-04;443,3653
IXISR;2025-09-08;434,4854
IXISR;2025-09-09;429,7818
IXISR;2025-09-10;432,7439
IXISR;2025-09-11;441,8733
IXISR;2025-09-12;448,2436
IXISR;2025-09-15;447,7117
IXISR;2025-09-16;445,5567
IXISR;2025-09-17;448,0557
IXISR;2025-09-18;442,6891
IXISR;2025-09-19;445,4494
IXISR;2025-09-22;443,9384
IXISR;2025-09-23;448,0975
IXISR;2025-09-24;444,9176
IXISR;2025-09-25;439,0369
IXISR;2025-09-26;441,2978
IXISR;2025-09-29;439,7865
IXISR;2025-09-30;433,9482
IXISR;2025-10-01;431,1639
IXISR;2025-10-02;428,8013
IXISR;2025-10-03;430,4867
IXISR;2025-10-06;428,5024
IXISR;2025-10-07;427,4299
IXISR;2025-10-08;425,4658
IXISR;2025-10-09;435,2282
IXISR;2025-10-10;428,1329
IXISR;2025-10-13;423,6796
IXISR;2025-10-14;416,2669
IXISR;2025-10-15;415,935
IXISR;2025-10-16;421,2877
IXISR;2025-10-17;418,6709
IXISR;2025-10-20;435,364
IXISR;2025-10-21;443,6388
IXISR;2025-10-22;439,497
IXISR;2025-10-23;448,9581
IXISR;2025-10-24;453,902
IXISR;2025-10-27;455,8795
IXISR;2025-10-28;453,2887
IXISR;2025-10-29;461,3637
IXISR;2025-10-30;460,8013
IXISR;2025-10-31;457,8437
IXISR;2025-11-03;462,6533
IXISR;2025-11-04;458,4885
IXISR;2025-11-05;461,6015
IXISR;2025-11-06;459,7199
IXISR;2025-11-07;463,0953
IXISR;2025-11-10;460,571
IXISR;2025-11-11;457,9618
IXISR;2025-11-12;459,9283
IXISR;2025-11-13;455,8846
IXISR;2025-11-14;456,6831
IXISR;2025-11-17;460,0179
IXISR;2025-11-18;456,4571
IXISR;2025-11-19;459,5923
IXISR;2025-11-20;459,7953
IXISR;2025-11-21;459,3271
IXISR;2025-11-24;464,2136
IXISR;2025-11-25;460,7911
IXISR;2025-11-26;463,7158
IXISR;2025-11-27;458,3441
IXISR;2025-11-28;453,5309
IXISR;2025-12-01;452,7023
IXISR;2025-12-02;455,095
IXISR;2025-12-03;454,7614
IXISR;2025-12-04;458,2944
IXISR;2025-12-05;457,9135
IXISR;2025-12-08;457,7232
IXISR;2025-12-09;453,1214
IXISR;2025-12-10;455,4704
IXISR;2025-12-11;448,123
IXISR;2025-12-12;449,1944
IXISR;2025-12-15;458,9104
IXISR;2025-12-16;456,0515
IXISR;2025-12-17;455,9493
IXISR;2025-12-18;458,2236
IXISR;2025-12-19;458,1459
IXISR;2025-12-22;458,6631
IXISR;2025-12-23;454,6117
IXISR;2025-12-24;455,6863
IXISR;2025-12-29;457,6045
IXISR;2025-12-30;459,3068
